Track,Track Version,Test Case,Matcher,Type,Precision (P),Recall (R),Residual Recall (R+),F1,"# of TP","# of FP","# of FN","# of Correspondences",Time,Time (HH:MM:SS)
food,v2sub,ciqual-siren,./matcha_updated.tar.gz,ALL,0.0,0.0,0.0,0.0,0,360,178,360,49161400100,00:00:49
food,v2sub,ciqual-siren,./matcha_updated.tar.gz,CLASSES,0.0,0.0,0.0,0.0,0,360,178,360,-,-
food,v2sub,ciqual-siren,./matcha_updated.tar.gz,PROPERTIES,0.0,0.0,0.0,0.0,0,0,0,0,-,-
food,v2sub,ciqual-siren,./matcha_updated.tar.gz,INSTANCES,0.0,0.0,0.0,0.0,0,0,0,0,-,-
