Track,Track Version,Matcher,Type,Macro Precision (P),Macro Recall (R),Residual Macro Recall (R+),Macro F1,Micro Precision (P),Micro Recall (R),Residual Micro Recall (R+),Micro F1,"# of TP","# of Residual TP","# of FP","# of FN","# of Correspondences",Total Runtime,Total Runtime (HH:MM:SS)
food,v2sub,./matcha_updated.tar.gz,ALL,0.0,0.0,0.0,0.0,0.0,0.0,0.0,0.0,0,0,360,178,360,49161400100,00:00:49
food,v2sub,./matcha_updated.tar.gz,CLASSES,0.0,0.0,0.0,0.0,0.0,0.0,0.0,0.0,0,0,360,178,360,-,-
food,v2sub,./matcha_updated.tar.gz,PROPERTIES,0.0,0.0,0.0,0.0,0.0,0.0,0.0,0.0,0,0,0,0,0,-,-
food,v2sub,./matcha_updated.tar.gz,INSTANCES,0.0,0.0,0.0,0.0,0.0,0.0,0.0,0.0,0,0,0,0,0,-,-
