Track,Track Version,Matcher,Type,Macro Precision (P),Macro Recall (R),Residual Macro Recall (R+),Macro F1,Micro Precision (P),Micro Recall (R),Residual Micro Recall (R+),Micro F1,"# of TP","# of Residual TP","# of FP","# of FN","# of Correspondences",Total Runtime,Total Runtime (HH:MM:SS)
food,v2sub,./logmap-lite-melt-oaei-2021-web-latest.tar.gz,ALL,0.0,0.0,0.0,0.0,0.0,0.0,0.0,0.0,0,0,15,178,15,7250400600,00:00:07
food,v2sub,./logmap-lite-melt-oaei-2021-web-latest.tar.gz,CLASSES,0.0,0.0,0.0,0.0,0.0,0.0,0.0,0.0,0,0,14,178,14,-,-
food,v2sub,./logmap-lite-melt-oaei-2021-web-latest.tar.gz,PROPERTIES,0.0,0.0,0.0,0.0,0.0,0.0,0.0,0.0,0,0,1,0,1,-,-
food,v2sub,./logmap-lite-melt-oaei-2021-web-latest.tar.gz,INSTANCES,0.0,0.0,0.0,0.0,0.0,0.0,0.0,0.0,0,0,0,0,0,-,-
