Track,TestCase,Matcher,Label Left,Comment Left,Type Left,URI Left,Relation,Confidence (Matcher),URI Right,Label Right,Comment Right,Type Right,Residual True Positive,Evaluation Result
food,ciqual-siren,./matcha_updated.tar.gz,[],[],"[""owl:Class""]",https://ico.iate.inra.fr/meatylab/origin_databases/2/foods/30125,=,0.0,http://purl.obolibrary.org/obo/FOODON_03317282,[],[],"[""owl:Class""]",true,false negative
food,ciqual-siren,./matcha_updated.tar.gz,[],[],"[""owl:Class""]",https://ico.iate.inra.fr/meatylab/origin_databases/2/foods/10010,=,0.7612316785698183,http://purl.obolibrary.org/obo/FOODON_03301159,[],[],"[""owl:Class""]",false,false positive
food,ciqual-siren,./matcha_updated.tar.gz,[],[],"[""owl:Class""]",https://ico.iate.inra.fr/meatylab/origin_databases/2/foods/9555,=,0.8189524870249263,http://purl.obolibrary.org/obo/FOODON_03310137,[],[],"[""owl:Class""]",false,false positive
food,ciqual-siren,./matcha_updated.tar.gz,[],[],"[""owl:Class""]",https://ico.iate.inra.fr/meatylab/origin_databases/2/foods/13134,=,0.6296363264516318,http://purl.obolibrary.org/obo/FOODON_03305148,[],[],"[""owl:Class""]",false,false positive
food,ciqual-siren,./matcha_updated.tar.gz,[],[],"[""owl:Class""]",https://ico.iate.inra.fr/meatylab/origin_databases/2/foods/20013,=,0.6837536737007652,http://purl.obolibrary.org/obo/FOODON_03311885,[],[],"[""owl:Class""]",false,false positive
food,ciqual-siren,./matcha_updated.tar.gz,[],[],"[""owl:Class""]",https://ico.iate.inra.fr/meatylab/origin_databases/2/foods/16540,=,0.796789301475121,http://purl.obolibrary.org/obo/FOODON_03305091,[],[],"[""owl:Class""]",false,false positive
food,ciqual-siren,./matcha_updated.tar.gz,[],[],"[""owl:Class""]",https://ico.iate.inra.fr/meatylab/origin_databases/2/foods/11019,=,0.6126424194300484,http://purl.obolibrary.org/obo/FOODON_03411141,[],[],"[""owl:Class""]",false,false positive
food,ciqual-siren,./matcha_updated.tar.gz,[],[],"[""owl:Class""]",https://ico.iate.inra.fr/meatylab/origin_databases/2/foods/31008,=,0.6596609779579469,http://purl.obolibrary.org/obo/FOODON_03401261,[],[],"[""owl:Class""]",false,false positive
food,ciqual-siren,./matcha_updated.tar.gz,[],[],"[""owl:Class""]",https://ico.iate.inra.fr/meatylab/origin_databases/2/foods/2013,=,0.0,http://purl.obolibrary.org/obo/FOODON_00001001,[],[],"[""owl:Class""]",true,false negative
food,ciqual-siren,./matcha_updated.tar.gz,[],[],"[""owl:Class""]",https://ico.iate.inra.fr/meatylab/origin_databases/2/foods/6901,=,0.0,http://purl.obolibrary.org/obo/FOODON_03306058,[],[],"[""owl:Class""]",true,false negative
food,ciqual-siren,./matcha_updated.tar.gz,[],[],"[""owl:Class""]",https://ico.iate.inra.fr/meatylab/origin_databases/2/foods/13010,=,0.7877323836884309,http://purl.obolibrary.org/obo/FOODON_03302976,[],[],"[""owl:Class""]",false,false positive
food,ciqual-siren,./matcha_updated.tar.gz,[],[],"[""owl:Class""]",https://ico.iate.inra.fr/meatylab/origin_databases/2/foods/22001,=,0.7987869122018657,http://purl.obolibrary.org/obo/FOODON_03310155,[],[],"[""owl:Class""]",false,false positive
food,ciqual-siren,./matcha_updated.tar.gz,[],[],"[""owl:Class""]",https://ico.iate.inra.fr/meatylab/origin_databases/2/foods/31038,=,0.8088862039674538,http://purl.obolibrary.org/obo/FOODON_03301252,[],[],"[""owl:Class""]",false,false positive
food,ciqual-siren,./matcha_updated.tar.gz,[],[],"[""owl:Class""]",https://ico.iate.inra.fr/meatylab/origin_databases/2/foods/26214,=,0.7660545619834666,http://purl.obolibrary.org/obo/FOODON_03413886,[],[],"[""owl:Class""]",false,false positive
food,ciqual-siren,./matcha_updated.tar.gz,[],[],"[""owl:Class""]",https://ico.iate.inra.fr/meatylab/origin_databases/2/foods/26091,=,0.7668441842864823,http://purl.obolibrary.org/obo/FOODON_03308020,[],[],"[""owl:Class""]",false,false positive
food,ciqual-siren,./matcha_updated.tar.gz,[],[],"[""owl:Class""]",https://ico.iate.inra.fr/meatylab/origin_databases/2/foods/31014,=,0.6528665248976426,http://purl.obolibrary.org/obo/FOODON_03400209,[],[],"[""owl:Class""]",false,false positive
food,ciqual-siren,./matcha_updated.tar.gz,[],[],"[""owl:Class""]",https://ico.iate.inra.fr/meatylab/origin_databases/2/foods/20158,=,0.7887821914742622,http://purl.obolibrary.org/obo/FOODON_03411732,[],[],"[""owl:Class""]",false,false positive
food,ciqual-siren,./matcha_updated.tar.gz,[],[],"[""owl:Class""]",https://ico.iate.inra.fr/meatylab/origin_databases/2/foods/1017,=,0.7894563482441012,http://purl.obolibrary.org/obo/FOODON_03317455,[],[],"[""owl:Class""]",false,false positive
food,ciqual-siren,./matcha_updated.tar.gz,[],[],"[""owl:Class""]",https://ico.iate.inra.fr/meatylab/origin_databases/2/foods/20002,=,0.7826737184336231,http://purl.obolibrary.org/obo/FOODON_03309715,[],[],"[""owl:Class""]",false,false positive
food,ciqual-siren,./matcha_updated.tar.gz,[],[],"[""owl:Class""]",https://ico.iate.inra.fr/meatylab/origin_databases/2/foods/17630,=,0.7398907077605343,http://purl.obolibrary.org/obo/FOODON_03543137,[],[],"[""owl:Class""]",false,false positive
food,ciqual-siren,./matcha_updated.tar.gz,[],[],"[""owl:Class""]",https://ico.iate.inra.fr/meatylab/origin_databases/2/foods/10017,=,0.7708182832282144,http://purl.obolibrary.org/obo/FOODON_03301153,[],[],"[""owl:Class""]",false,false positive
food,ciqual-siren,./matcha_updated.tar.gz,[],[],"[""owl:Class""]",https://ico.iate.inra.fr/meatylab/origin_databases/2/foods/13742,=,0.678572977183526,http://purl.obolibrary.org/obo/FOODON_03307244,[],[],"[""owl:Class""]",false,false positive
food,ciqual-siren,./matcha_updated.tar.gz,[],[],"[""owl:Class""]",https://ico.iate.inra.fr/meatylab/origin_databases/2/foods/18005,=,0.7413288986261131,http://purl.obolibrary.org/obo/FOODON_03543416,[],[],"[""owl:Class""]",false,false positive
food,ciqual-siren,./matcha_updated.tar.gz,[],[],"[""owl:Class""]",https://ico.iate.inra.fr/meatylab/origin_databases/2/foods/20503,=,0.6188143023422387,http://purl.obolibrary.org/obo/FOODON_03309779,[],[],"[""owl:Class""]",false,false positive
food,ciqual-siren,./matcha_updated.tar.gz,[],[],"[""owl:Class""]",https://ico.iate.inra.fr/meatylab/origin_databases/2/foods/96778,=,0.7218173925758644,http://purl.obolibrary.org/obo/FOODON_03540139,[],[],"[""owl:Class""]",false,false positive
food,ciqual-siren,./matcha_updated.tar.gz,[],[],"[""owl:Class""]",https://ico.iate.inra.fr/meatylab/origin_databases/2/foods/13038,=,0.8237362462259559,http://purl.obolibrary.org/obo/FOODON_03310890,[],[],"[""owl:Class""]",false,false positive
food,ciqual-siren,./matcha_updated.tar.gz,[],[],"[""owl:Class""]",https://ico.iate.inra.fr/meatylab/origin_databases/2/foods/9643,=,0.823794657584172,http://purl.obolibrary.org/obo/FOODON_03306185,[],[],"[""owl:Class""]",false,false positive
food,ciqual-siren,./matcha_updated.tar.gz,[],[],"[""owl:Class""]",https://ico.iate.inra.fr/meatylab/origin_databases/2/foods/9621,=,0.8223441094204854,http://purl.obolibrary.org/obo/FOODON_03304608,[],[],"[""owl:Class""]",false,false positive
food,ciqual-siren,./matcha_updated.tar.gz,[],[],"[""owl:Class""]",https://ico.iate.inra.fr/meatylab/origin_databases/2/foods/20034,=,0.7641489509276234,http://purl.obolibrary.org/obo/FOODON_03301704,[],[],"[""owl:Class""]",false,false positive
food,ciqual-siren,./matcha_updated.tar.gz,[],[],"[""owl:Class""]",https://ico.iate.inra.fr/meatylab/origin_databases/2/foods/25580,=,0.6151899771293573,http://purl.obolibrary.org/obo/FOODON_03543956,[],[],"[""owl:Class""]",false,false positive
food,ciqual-siren,./matcha_updated.tar.gz,[],[],"[""owl:Class""]",https://ico.iate.inra.fr/meatylab/origin_databases/2/foods/13002,=,0.6658511527797192,http://purl.obolibrary.org/obo/FOODON_03306782,[],[],"[""owl:Class""]",false,false positive
food,ciqual-siren,./matcha_updated.tar.gz,[],[],"[""owl:Class""]",https://ico.iate.inra.fr/meatylab/origin_databases/2/foods/6900,=,0.0,http://purl.obolibrary.org/obo/FOODON_03306058,[],[],"[""owl:Class""]",true,false negative
food,ciqual-siren,./matcha_updated.tar.gz,[],[],"[""owl:Class""]",https://ico.iate.inra.fr/meatylab/origin_databases/2/foods/13112,=,0.7646607114139039,http://purl.obolibrary.org/obo/FOODON_03301123,[],[],"[""owl:Class""]",false,false positive
food,ciqual-siren,./matcha_updated.tar.gz,[],[],"[""owl:Class""]",https://ico.iate.inra.fr/meatylab/origin_databases/2/foods/17650,=,0.683828490218297,http://purl.obolibrary.org/obo/FOODON_03543135,[],[],"[""owl:Class""]",false,false positive
food,ciqual-siren,./matcha_updated.tar.gz,[],[],"[""owl:Class""]",https://ico.iate.inra.fr/meatylab/origin_databases/2/foods/16403,=,0.6108057744190425,http://purl.obolibrary.org/obo/FOODON_03302643,[],[],"[""owl:Class""]",false,false positive
food,ciqual-siren,./matcha_updated.tar.gz,[],[],"[""owl:Class""]",https://ico.iate.inra.fr/meatylab/origin_databases/2/foods/9010,=,0.0,http://purl.obolibrary.org/obo/FOODON_03301002,[],[],"[""owl:Class""]",true,false negative
food,ciqual-siren,./matcha_updated.tar.gz,[],[],"[""owl:Class""]",https://ico.iate.inra.fr/meatylab/origin_databases/2/foods/15004,=,0.846,http://purl.obolibrary.org/obo/FOODON_03415023,[],[],"[""owl:Class""]",false,false positive
food,ciqual-siren,./matcha_updated.tar.gz,[],[],"[""owl:Class""]",https://ico.iate.inra.fr/meatylab/origin_databases/2/foods/25101,=,0.626015854441544,http://purl.obolibrary.org/obo/FOODON_03308497,[],[],"[""owl:Class""]",false,false positive
food,ciqual-siren,./matcha_updated.tar.gz,[],[],"[""owl:Class""]",https://ico.iate.inra.fr/meatylab/origin_databases/2/foods/11187,=,0.6310017708695824,http://purl.obolibrary.org/obo/FOODON_00001290,[],[],"[""owl:Class""]",false,false positive
food,ciqual-siren,./matcha_updated.tar.gz,[],[],"[""owl:Class""]",https://ico.iate.inra.fr/meatylab/origin_databases/2/foods/1003,=,0.7502840224503096,http://purl.obolibrary.org/obo/FOODON_03301008,[],[],"[""owl:Class""]",false,false positive
food,ciqual-siren,./matcha_updated.tar.gz,[],[],"[""owl:Class""]",https://ico.iate.inra.fr/meatylab/origin_databases/2/foods/22506,=,0.7365512916541345,http://purl.obolibrary.org/obo/FOODON_03543875,[],[],"[""owl:Class""]",false,false positive
food,ciqual-siren,./matcha_updated.tar.gz,[],[],"[""owl:Class""]",https://ico.iate.inra.fr/meatylab/origin_databases/2/foods/26055,=,0.6122889269251015,http://purl.obolibrary.org/obo/FOODON_03542339,[],[],"[""owl:Class""]",false,false positive
food,ciqual-siren,./matcha_updated.tar.gz,[],[],"[""owl:Class""]",https://ico.iate.inra.fr/meatylab/origin_databases/2/foods/2054,=,0.829284135914194,http://purl.obolibrary.org/obo/FOODON_03301289,[],[],"[""owl:Class""]",false,false positive
food,ciqual-siren,./matcha_updated.tar.gz,[],[],"[""owl:Class""]",https://ico.iate.inra.fr/meatylab/origin_databases/2/foods/1002,=,0.7788674424167572,http://purl.obolibrary.org/obo/FOODON_03309491,[],[],"[""owl:Class""]",false,false positive
food,ciqual-siren,./matcha_updated.tar.gz,[],[],"[""owl:Class""]",https://ico.iate.inra.fr/meatylab/origin_databases/2/foods/10031,=,0.7879879352476088,http://purl.obolibrary.org/obo/FOODON_03316422,[],[],"[""owl:Class""]",false,false positive
food,ciqual-siren,./matcha_updated.tar.gz,[],[],"[""owl:Class""]",https://ico.iate.inra.fr/meatylab/origin_databases/2/foods/39517,=,0.8048260914167062,http://purl.obolibrary.org/obo/FOODON_03307445,[],[],"[""owl:Class""]",false,false positive
food,ciqual-siren,./matcha_updated.tar.gz,[],[],"[""owl:Class""]",https://ico.iate.inra.fr/meatylab/origin_databases/2/foods/27019,=,0.786227867521513,http://purl.obolibrary.org/obo/FOODON_03309216,[],[],"[""owl:Class""]",false,false positive
food,ciqual-siren,./matcha_updated.tar.gz,[],[],"[""owl:Class""]",https://ico.iate.inra.fr/meatylab/origin_databases/2/foods/27024,=,0.8266787367855264,http://purl.obolibrary.org/obo/FOODON_03308068,[],[],"[""owl:Class""]",false,false positive
food,ciqual-siren,./matcha_updated.tar.gz,[],[],"[""owl:Class""]",https://ico.iate.inra.fr/meatylab/origin_databases/2/foods/7180,=,0.6908651366127854,http://purl.obolibrary.org/obo/FOODON_03540141,[],[],"[""owl:Class""]",false,false positive
food,ciqual-siren,./matcha_updated.tar.gz,[],[],"[""owl:Class""]",https://ico.iate.inra.fr/meatylab/origin_databases/2/foods/23585,=,0.8014511087250634,http://purl.obolibrary.org/obo/FOODON_03305417,[],[],"[""owl:Class""]",false,false positive
food,ciqual-siren,./matcha_updated.tar.gz,[],[],"[""owl:Class""]",https://ico.iate.inra.fr/meatylab/origin_databases/2/foods/2012,=,0.680188764155523,http://purl.obolibrary.org/obo/FOODON_03305984,[],[],"[""owl:Class""]",true,true positive
food,ciqual-siren,./matcha_updated.tar.gz,[],[],"[""owl:Class""]",https://ico.iate.inra.fr/meatylab/origin_databases/2/foods/27016,=,0.7741943339125441,http://purl.obolibrary.org/obo/FOODON_03309522,[],[],"[""owl:Class""]",false,false positive
food,ciqual-siren,./matcha_updated.tar.gz,[],[],"[""owl:Class""]",https://ico.iate.inra.fr/meatylab/origin_databases/2/foods/11300,=,0.6624972496494922,http://purl.obolibrary.org/obo/FOODON_03544149,[],[],"[""owl:Class""]",false,false positive
food,ciqual-siren,./matcha_updated.tar.gz,[],[],"[""owl:Class""]",https://ico.iate.inra.fr/meatylab/origin_databases/2/foods/7430,=,0.6310955449141147,http://purl.obolibrary.org/obo/FOODON_03540172,[],[],"[""owl:Class""]",false,false positive
food,ciqual-siren,./matcha_updated.tar.gz,[],[],"[""owl:Class""]",https://ico.iate.inra.fr/meatylab/origin_databases/2/foods/9345,=,0.6509174296607576,http://purl.obolibrary.org/obo/CHEBI_34533,[],[],"[""owl:Class""]",false,false positive
food,ciqual-siren,./matcha_updated.tar.gz,[],[],"[""owl:Class""]",https://ico.iate.inra.fr/meatylab/origin_databases/2/foods/21521,=,0.6982732482440817,http://purl.obolibrary.org/obo/FOODON_03311091,[],[],"[""owl:Class""]",false,false positive
food,ciqual-siren,./matcha_updated.tar.gz,[],[],"[""owl:Class""]",https://ico.iate.inra.fr/meatylab/origin_databases/2/foods/20057,=,0.7693673162826368,http://purl.obolibrary.org/obo/FOODON_03301713,[],[],"[""owl:Class""]",false,false positive
food,ciqual-siren,./matcha_updated.tar.gz,[],[],"[""owl:Class""]",https://ico.iate.inra.fr/meatylab/origin_databases/2/foods/40106,=,0.8071529746875288,http://purl.obolibrary.org/obo/FOODON_03311404,[],[],"[""owl:Class""]",true,true positive
food,ciqual-siren,./matcha_updated.tar.gz,[],[],"[""owl:Class""]",https://ico.iate.inra.fr/meatylab/origin_databases/2/foods/5203,=,0.6619249526623092,http://purl.obolibrary.org/obo/FOODON_03543351,[],[],"[""owl:Class""]",false,false positive
food,ciqual-siren,./matcha_updated.tar.gz,[],[],"[""owl:Class""]",https://ico.iate.inra.fr/meatylab/origin_databases/2/foods/39232,=,0.6076361456295263,http://purl.obolibrary.org/obo/FOODON_03305135,[],[],"[""owl:Class""]",false,false positive
food,ciqual-siren,./matcha_updated.tar.gz,[],[],"[""owl:Class""]",https://ico.iate.inra.fr/meatylab/origin_databases/2/foods/20058,=,0.818013078219801,http://purl.obolibrary.org/obo/FOODON_03301714,[],[],"[""owl:Class""]",false,false positive
food,ciqual-siren,./matcha_updated.tar.gz,[],[],"[""owl:Class""]",https://ico.iate.inra.fr/meatylab/origin_databases/2/foods/22002,=,0.8183569346590353,http://purl.obolibrary.org/obo/FOODON_03301439,[],[],"[""owl:Class""]",false,false positive
food,ciqual-siren,./matcha_updated.tar.gz,[],[],"[""owl:Class""]",https://ico.iate.inra.fr/meatylab/origin_databases/2/foods/13039,=,0.6244682983085496,http://purl.obolibrary.org/obo/FOODON_03310805,[],[],"[""owl:Class""]",false,false positive
food,ciqual-siren,./matcha_updated.tar.gz,[],[],"[""owl:Class""]",https://ico.iate.inra.fr/meatylab/origin_databases/2/foods/20180,=,0.7822582298578745,http://purl.obolibrary.org/obo/FOODON_03306350,[],[],"[""owl:Class""]",false,false positive
food,ciqual-siren,./matcha_updated.tar.gz,[],[],"[""owl:Class""]",https://ico.iate.inra.fr/meatylab/origin_databases/2/foods/20090,=,0.6477750784498129,http://purl.obolibrary.org/obo/FOODON_03540372,[],[],"[""owl:Class""]",false,false positive
food,ciqual-siren,./matcha_updated.tar.gz,[],[],"[""owl:Class""]",https://ico.iate.inra.fr/meatylab/origin_databases/2/foods/26141,=,0.8128901121776823,http://purl.obolibrary.org/obo/FOODON_03301925,[],[],"[""owl:Class""]",false,false positive
food,ciqual-siren,./matcha_updated.tar.gz,[],[],"[""owl:Class""]",https://ico.iate.inra.fr/meatylab/origin_databases/2/foods/26051,=,0.7573651281580027,http://purl.obolibrary.org/obo/FOODON_03308036,[],[],"[""owl:Class""]",false,false positive
food,ciqual-siren,./matcha_updated.tar.gz,[],[],"[""owl:Class""]",https://ico.iate.inra.fr/meatylab/origin_databases/2/foods/11026,=,0.7120155638255656,http://purl.obolibrary.org/obo/FOODON_03541301,[],[],"[""owl:Class""]",false,false positive
food,ciqual-siren,./matcha_updated.tar.gz,[],[],"[""owl:Class""]",https://ico.iate.inra.fr/meatylab/origin_databases/2/foods/20114,=,0.7353778833880361,http://purl.obolibrary.org/obo/FOODON_03413796,[],[],"[""owl:Class""]",false,false positive
food,ciqual-siren,./matcha_updated.tar.gz,[],[],"[""owl:Class""]",https://ico.iate.inra.fr/meatylab/origin_databases/2/foods/20082,=,0.649370539253413,http://purl.obolibrary.org/obo/FOODON_03305392,[],[],"[""owl:Class""]",false,false positive
food,ciqual-siren,./matcha_updated.tar.gz,[],[],"[""owl:Class""]",https://ico.iate.inra.fr/meatylab/origin_databases/2/foods/17020,=,0.6220294962687284,http://purl.obolibrary.org/obo/FOODON_03301539,[],[],"[""owl:Class""]",false,false positive
food,ciqual-siren,./matcha_updated.tar.gz,[],[],"[""owl:Class""]",https://ico.iate.inra.fr/meatylab/origin_databases/2/foods/26048,=,0.725627519285285,http://purl.obolibrary.org/obo/FOODON_03309332,[],[],"[""owl:Class""]",false,false positive
food,ciqual-siren,./matcha_updated.tar.gz,[],[],"[""owl:Class""]",https://ico.iate.inra.fr/meatylab/origin_databases/2/foods/28101,=,0.0,http://purl.obolibrary.org/obo/FOODON_03311467,[],[],"[""owl:Class""]",true,false negative
food,ciqual-siren,./matcha_updated.tar.gz,[],[],"[""owl:Class""]",https://ico.iate.inra.fr/meatylab/origin_databases/2/foods/11090,=,0.8303651114258603,http://purl.obolibrary.org/obo/FOODON_03307916,[],[],"[""owl:Class""]",false,false positive
food,ciqual-siren,./matcha_updated.tar.gz,[],[],"[""owl:Class""]",https://ico.iate.inra.fr/meatylab/origin_databases/2/foods/6270,=,0.8078512819383216,http://purl.obolibrary.org/obo/FOODON_03310939,[],[],"[""owl:Class""]",true,true positive
food,ciqual-siren,./matcha_updated.tar.gz,[],[],"[""owl:Class""]",https://ico.iate.inra.fr/meatylab/origin_databases/2/foods/16402,=,0.0,http://purl.obolibrary.org/obo/FOODON_03302643,[],[],"[""owl:Class""]",true,false negative
food,ciqual-siren,./matcha_updated.tar.gz,[],[],"[""owl:Class""]",https://ico.iate.inra.fr/meatylab/origin_databases/2/foods/22508,=,0.7172383772777801,http://purl.obolibrary.org/obo/FOODON_03543878,[],[],"[""owl:Class""]",false,false positive
food,ciqual-siren,./matcha_updated.tar.gz,[],[],"[""owl:Class""]",https://ico.iate.inra.fr/meatylab/origin_databases/2/foods/26064,=,0.8178329744393354,http://purl.obolibrary.org/obo/FOODON_03308461,[],[],"[""owl:Class""]",false,false positive
food,ciqual-siren,./matcha_updated.tar.gz,[],[],"[""owl:Class""]",https://ico.iate.inra.fr/meatylab/origin_databases/2/foods/20126,=,0.8208822728709939,http://purl.obolibrary.org/obo/FOODON_03302053,[],[],"[""owl:Class""]",false,false positive
food,ciqual-siren,./matcha_updated.tar.gz,[],[],"[""owl:Class""]",https://ico.iate.inra.fr/meatylab/origin_databases/2/foods/20531,=,0.0,http://purl.obolibrary.org/obo/FOODON_03301275,[],[],"[""owl:Class""]",true,false negative
food,ciqual-siren,./matcha_updated.tar.gz,[],[],"[""owl:Class""]",https://ico.iate.inra.fr/meatylab/origin_databases/2/foods/7352,=,0.6529151330988313,http://purl.obolibrary.org/obo/FOODON_03540160,[],[],"[""owl:Class""]",false,false positive
food,ciqual-siren,./matcha_updated.tar.gz,[],[],"[""owl:Class""]",https://ico.iate.inra.fr/meatylab/origin_databases/2/foods/13014,=,0.7690244753579999,http://purl.obolibrary.org/obo/FOODON_03301722,[],[],"[""owl:Class""]",false,false positive
food,ciqual-siren,./matcha_updated.tar.gz,[],[],"[""owl:Class""]",https://ico.iate.inra.fr/meatylab/origin_databases/2/foods/24015,=,0.6096709324294853,http://purl.obolibrary.org/obo/FOODON_03302586,[],[],"[""owl:Class""]",false,false positive
food,ciqual-siren,./matcha_updated.tar.gz,[],[],"[""owl:Class""]",https://ico.iate.inra.fr/meatylab/origin_databases/2/foods/11061,=,0.6153512596252609,http://purl.obolibrary.org/obo/FOODON_03316559,[],[],"[""owl:Class""]",false,false positive
food,ciqual-siren,./matcha_updated.tar.gz,[],[],"[""owl:Class""]",https://ico.iate.inra.fr/meatylab/origin_databases/2/foods/27011,=,0.827935494800353,http://purl.obolibrary.org/obo/FOODON_03309125,[],[],"[""owl:Class""]",false,false positive
food,ciqual-siren,./matcha_updated.tar.gz,[],[],"[""owl:Class""]",https://ico.iate.inra.fr/meatylab/origin_databases/2/foods/36300,=,0.0,http://purl.obolibrary.org/obo/FOODON_03309735,[],[],"[""owl:Class""]",true,false negative
food,ciqual-siren,./matcha_updated.tar.gz,[],[],"[""owl:Class""]",https://ico.iate.inra.fr/meatylab/origin_databases/2/foods/13041,=,0.7805852585797752,http://purl.obolibrary.org/obo/FOODON_03411675,[],[],"[""owl:Class""]",false,false positive
food,ciqual-siren,./matcha_updated.tar.gz,[],[],"[""owl:Class""]",https://ico.iate.inra.fr/meatylab/origin_databases/2/foods/34003,=,0.8386208864954259,http://purl.obolibrary.org/obo/FOODON_03304523,[],[],"[""owl:Class""]",true,true positive
food,ciqual-siren,./matcha_updated.tar.gz,[],[],"[""owl:Class""]",https://ico.iate.inra.fr/meatylab/origin_databases/2/foods/10008,=,0.7760080391700278,http://purl.obolibrary.org/obo/FOODON_03304515,[],[],"[""owl:Class""]",false,false positive
food,ciqual-siren,./matcha_updated.tar.gz,[],[],"[""owl:Class""]",https://ico.iate.inra.fr/meatylab/origin_databases/2/foods/17030,=,0.6782457531804966,http://purl.obolibrary.org/obo/FOODON_03543107,[],[],"[""owl:Class""]",false,false positive
food,ciqual-siren,./matcha_updated.tar.gz,[],[],"[""owl:Class""]",https://ico.iate.inra.fr/meatylab/origin_databases/2/foods/7258,=,0.7927291035712728,http://purl.obolibrary.org/obo/FOODON_03309554,[],[],"[""owl:Class""]",false,false positive
food,ciqual-siren,./matcha_updated.tar.gz,[],[],"[""owl:Class""]",https://ico.iate.inra.fr/meatylab/origin_databases/2/foods/21500,=,0.0,http://purl.obolibrary.org/obo/FOODON_03311091,[],[],"[""owl:Class""]",true,false negative
food,ciqual-siren,./matcha_updated.tar.gz,[],[],"[""owl:Class""]",https://ico.iate.inra.fr/meatylab/origin_databases/2/foods/31060,=,0.8183030387671395,http://purl.obolibrary.org/obo/FOODON_03316471,[],[],"[""owl:Class""]",false,false positive
food,ciqual-siren,./matcha_updated.tar.gz,[],[],"[""owl:Class""]",https://ico.iate.inra.fr/meatylab/origin_databases/2/foods/20008,=,0.7801805064282221,http://purl.obolibrary.org/obo/FOODON_03311100,[],[],"[""owl:Class""]",false,false positive
food,ciqual-siren,./matcha_updated.tar.gz,[],[],"[""owl:Class""]",https://ico.iate.inra.fr/meatylab/origin_databases/2/foods/26043,=,0.0,http://purl.obolibrary.org/obo/FOODON_03307321,[],[],"[""owl:Class""]",true,false negative
food,ciqual-siren,./matcha_updated.tar.gz,[],[],"[""owl:Class""]",https://ico.iate.inra.fr/meatylab/origin_databases/2/foods/26166,=,0.787816202394857,http://purl.obolibrary.org/obo/FOODON_03309424,[],[],"[""owl:Class""]",false,false positive
food,ciqual-siren,./matcha_updated.tar.gz,[],[],"[""owl:Class""]",https://ico.iate.inra.fr/meatylab/origin_databases/2/foods/23909,=,0.6624989576943231,http://purl.obolibrary.org/obo/FOODON_03540265,[],[],"[""owl:Class""]",false,false positive
food,ciqual-siren,./matcha_updated.tar.gz,[],[],"[""owl:Class""]",https://ico.iate.inra.fr/meatylab/origin_databases/2/foods/31024,=,0.8144490004349267,http://purl.obolibrary.org/obo/FOODON_03301124,[],[],"[""owl:Class""]",false,false positive
food,ciqual-siren,./matcha_updated.tar.gz,[],[],"[""owl:Class""]",https://ico.iate.inra.fr/meatylab/origin_databases/2/foods/2375,=,0.7014005415356989,http://purl.obolibrary.org/obo/FOODON_03543200,[],[],"[""owl:Class""]",false,false positive
food,ciqual-siren,./matcha_updated.tar.gz,[],[],"[""owl:Class""]",https://ico.iate.inra.fr/meatylab/origin_databases/2/foods/39236,=,0.8310525844355312,http://purl.obolibrary.org/obo/FOODON_03302695,[],[],"[""owl:Class""]",false,false positive
food,ciqual-siren,./matcha_updated.tar.gz,[],[],"[""owl:Class""]",https://ico.iate.inra.fr/meatylab/origin_databases/2/foods/26037,=,0.788931905338109,http://purl.obolibrary.org/obo/FOODON_03301805,[],[],"[""owl:Class""]",false,false positive
food,ciqual-siren,./matcha_updated.tar.gz,[],[],"[""owl:Class""]",https://ico.iate.inra.fr/meatylab/origin_databases/2/foods/26053,=,0.7551372465528193,http://purl.obolibrary.org/obo/FOODON_03305444,[],[],"[""owl:Class""]",false,false positive
food,ciqual-siren,./matcha_updated.tar.gz,[],[],"[""owl:Class""]",https://ico.iate.inra.fr/meatylab/origin_databases/2/foods/11005,=,0.8285833301519077,http://purl.obolibrary.org/obo/FOODON_03301842,[],[],"[""owl:Class""]",false,false positive
food,ciqual-siren,./matcha_updated.tar.gz,[],[],"[""owl:Class""]",https://ico.iate.inra.fr/meatylab/origin_databases/2/foods/20151,=,0.8200269017055666,http://purl.obolibrary.org/obo/FOODON_03302033,[],[],"[""owl:Class""]",false,false positive
food,ciqual-siren,./matcha_updated.tar.gz,[],[],"[""owl:Class""]",https://ico.iate.inra.fr/meatylab/origin_databases/2/foods/6102,=,0.0,http://purl.obolibrary.org/obo/FOODON_03310591,[],[],"[""owl:Class""]",true,false negative
food,ciqual-siren,./matcha_updated.tar.gz,[],[],"[""owl:Class""]",https://ico.iate.inra.fr/meatylab/origin_databases/2/foods/30789,=,0.77658737316977,http://purl.obolibrary.org/obo/FOODON_03311682,[],[],"[""owl:Class""]",false,false positive
food,ciqual-siren,./matcha_updated.tar.gz,[],[],"[""owl:Class""]",https://ico.iate.inra.fr/meatylab/origin_databases/2/foods/28010,=,0.6363067880012984,http://purl.obolibrary.org/obo/FOODON_03310969,[],[],"[""owl:Class""]",false,false positive
food,ciqual-siren,./matcha_updated.tar.gz,[],[],"[""owl:Class""]",https://ico.iate.inra.fr/meatylab/origin_databases/2/foods/23477,=,0.6314909615169497,http://purl.obolibrary.org/obo/FOODON_03540249,[],[],"[""owl:Class""]",false,false positive
food,ciqual-siren,./matcha_updated.tar.gz,[],[],"[""owl:Class""]",https://ico.iate.inra.fr/meatylab/origin_databases/2/foods/20096,=,0.7771577124274114,http://purl.obolibrary.org/obo/FOODON_03316339,[],[],"[""owl:Class""]",false,false positive
food,ciqual-siren,./matcha_updated.tar.gz,[],[],"[""owl:Class""]",https://ico.iate.inra.fr/meatylab/origin_databases/2/foods/18005,=,0.0,http://purl.obolibrary.org/obo/FOODON_03301035,[],[],"[""owl:Class""]",true,false negative
food,ciqual-siren,./matcha_updated.tar.gz,[],[],"[""owl:Class""]",https://ico.iate.inra.fr/meatylab/origin_databases/2/foods/13136,=,0.6504440452134318,http://purl.obolibrary.org/obo/FOODON_03310594,[],[],"[""owl:Class""]",false,false positive
food,ciqual-siren,./matcha_updated.tar.gz,[],[],"[""owl:Class""]",https://ico.iate.inra.fr/meatylab/origin_databases/2/foods/10038,=,0.6332668869992453,http://purl.obolibrary.org/obo/FOODON_03301169,[],[],"[""owl:Class""]",false,false positive
food,ciqual-siren,./matcha_updated.tar.gz,[],[],"[""owl:Class""]",https://ico.iate.inra.fr/meatylab/origin_databases/2/foods/11163,=,0.6214220684862842,http://purl.obolibrary.org/obo/FOODON_03544116,[],[],"[""owl:Class""]",false,false positive
food,ciqual-siren,./matcha_updated.tar.gz,[],[],"[""owl:Class""]",https://ico.iate.inra.fr/meatylab/origin_databases/2/foods/24017,=,0.6936336806120167,http://purl.obolibrary.org/obo/FOODON_03304370,[],[],"[""owl:Class""]",false,false positive
food,ciqual-siren,./matcha_updated.tar.gz,[],[],"[""owl:Class""]",https://ico.iate.inra.fr/meatylab/origin_databases/2/foods/36016,=,0.6458954378089902,http://purl.obolibrary.org/obo/FOODON_03303009,[],[],"[""owl:Class""]",false,false positive
food,ciqual-siren,./matcha_updated.tar.gz,[],[],"[""owl:Class""]",https://ico.iate.inra.fr/meatylab/origin_databases/2/foods/5200,=,0.8060551214004278,http://purl.obolibrary.org/obo/FOODON_03310273,[],[],"[""owl:Class""]",false,false positive
food,ciqual-siren,./matcha_updated.tar.gz,[],[],"[""owl:Class""]",https://ico.iate.inra.fr/meatylab/origin_databases/2/foods/2370,=,0.8319114865582725,http://purl.obolibrary.org/obo/FOODON_03304361,[],[],"[""owl:Class""]",false,false positive
food,ciqual-siren,./matcha_updated.tar.gz,[],[],"[""owl:Class""]",https://ico.iate.inra.fr/meatylab/origin_databases/2/foods/26108,=,0.7878967360651862,http://purl.obolibrary.org/obo/FOODON_03308200,[],[],"[""owl:Class""]",false,false positive
food,ciqual-siren,./matcha_updated.tar.gz,[],[],"[""owl:Class""]",https://ico.iate.inra.fr/meatylab/origin_databases/2/foods/40120,=,0.8093391931328805,http://purl.obolibrary.org/obo/FOODON_03305307,[],[],"[""owl:Class""]",true,true positive
food,ciqual-siren,./matcha_updated.tar.gz,[],[],"[""owl:Class""]",https://ico.iate.inra.fr/meatylab/origin_databases/2/foods/27010,=,0.602444457728667,http://purl.obolibrary.org/obo/FOODON_03542272,[],[],"[""owl:Class""]",false,false positive
food,ciqual-siren,./matcha_updated.tar.gz,[],[],"[""owl:Class""]",https://ico.iate.inra.fr/meatylab/origin_databases/2/foods/36304,=,0.0,http://purl.obolibrary.org/obo/FOODON_03306544,[],[],"[""owl:Class""]",true,false negative
food,ciqual-siren,./matcha_updated.tar.gz,[],[],"[""owl:Class""]",https://ico.iate.inra.fr/meatylab/origin_databases/2/foods/2018,=,0.8136815254809979,http://purl.obolibrary.org/obo/FOODON_00002177,[],[],"[""owl:Class""]",false,false positive
food,ciqual-siren,./matcha_updated.tar.gz,[],[],"[""owl:Class""]",https://ico.iate.inra.fr/meatylab/origin_databases/2/foods/26122,=,0.7750638580754208,http://purl.obolibrary.org/obo/FOODON_03308024,[],[],"[""owl:Class""]",false,false positive
food,ciqual-siren,./matcha_updated.tar.gz,[],[],"[""owl:Class""]",https://ico.iate.inra.fr/meatylab/origin_databases/2/foods/20198,=,0.6195932506531795,http://purl.obolibrary.org/obo/FOODON_03401855,[],[],"[""owl:Class""]",false,false positive
food,ciqual-siren,./matcha_updated.tar.gz,[],[],"[""owl:Class""]",https://ico.iate.inra.fr/meatylab/origin_databases/2/foods/26006,=,0.8284170050325099,http://purl.obolibrary.org/obo/FOODON_03309141,[],[],"[""owl:Class""]",true,true positive
food,ciqual-siren,./matcha_updated.tar.gz,[],[],"[""owl:Class""]",https://ico.iate.inra.fr/meatylab/origin_databases/2/foods/15011,=,0.6934873557673548,http://purl.obolibrary.org/obo/FOODON_03304869,[],[],"[""owl:Class""]",false,false positive
food,ciqual-siren,./matcha_updated.tar.gz,[],[],"[""owl:Class""]",https://ico.iate.inra.fr/meatylab/origin_databases/2/foods/11077,=,0.8174200539647168,http://purl.obolibrary.org/obo/FOODON_03307812,[],[],"[""owl:Class""]",false,false positive
food,ciqual-siren,./matcha_updated.tar.gz,[],[],"[""owl:Class""]",https://ico.iate.inra.fr/meatylab/origin_databases/2/foods/20026,=,0.7596157262820569,http://purl.obolibrary.org/obo/FOODON_03302727,[],[],"[""owl:Class""]",false,false positive
food,ciqual-siren,./matcha_updated.tar.gz,[],[],"[""owl:Class""]",https://ico.iate.inra.fr/meatylab/origin_databases/2/foods/20101,=,0.6922556726998622,http://purl.obolibrary.org/obo/FOODON_03310847,[],[],"[""owl:Class""]",false,false positive
food,ciqual-siren,./matcha_updated.tar.gz,[],[],"[""owl:Class""]",https://ico.iate.inra.fr/meatylab/origin_databases/2/foods/27012,=,0.8096132535422226,http://purl.obolibrary.org/obo/FOODON_03310972,[],[],"[""owl:Class""]",false,false positive
food,ciqual-siren,./matcha_updated.tar.gz,[],[],"[""owl:Class""]",https://ico.iate.inra.fr/meatylab/origin_databases/2/foods/40502,=,0.804617694195602,http://purl.obolibrary.org/obo/FOODON_03304093,[],[],"[""owl:Class""]",false,false positive
food,ciqual-siren,./matcha_updated.tar.gz,[],[],"[""owl:Class""]",https://ico.iate.inra.fr/meatylab/origin_databases/2/foods/4101,=,0.8001440246326248,http://purl.obolibrary.org/obo/FOODON_03315198,[],[],"[""owl:Class""]",false,false positive
food,ciqual-siren,./matcha_updated.tar.gz,[],[],"[""owl:Class""]",https://ico.iate.inra.fr/meatylab/origin_databases/2/foods/26104,=,0.6391201596413963,http://purl.obolibrary.org/obo/FOODON_03309257,[],[],"[""owl:Class""]",false,false positive
food,ciqual-siren,./matcha_updated.tar.gz,[],[],"[""owl:Class""]",https://ico.iate.inra.fr/meatylab/origin_databases/2/foods/26065,=,0.6080299531008254,http://purl.obolibrary.org/obo/FOODON_03308434,[],[],"[""owl:Class""]",false,false positive
food,ciqual-siren,./matcha_updated.tar.gz,[],[],"[""owl:Class""]",https://ico.iate.inra.fr/meatylab/origin_databases/2/foods/20009,=,0.7694198260241943,http://purl.obolibrary.org/obo/FOODON_03301570,[],[],"[""owl:Class""]",true,true positive
food,ciqual-siren,./matcha_updated.tar.gz,[],[],"[""owl:Class""]",https://ico.iate.inra.fr/meatylab/origin_databases/2/foods/13013,=,0.7977338251598453,http://purl.obolibrary.org/obo/FOODON_03305104,[],[],"[""owl:Class""]",false,false positive
food,ciqual-siren,./matcha_updated.tar.gz,[],[],"[""owl:Class""]",https://ico.iate.inra.fr/meatylab/origin_databases/2/foods/7500,=,0.6626130586936056,http://purl.obolibrary.org/obo/FOODON_03540171,[],[],"[""owl:Class""]",false,false positive
food,ciqual-siren,./matcha_updated.tar.gz,[],[],"[""owl:Class""]",https://ico.iate.inra.fr/meatylab/origin_databases/2/foods/20161,=,0.6066842357796699,http://purl.obolibrary.org/obo/FOODON_03540820,[],[],"[""owl:Class""]",false,false positive
food,ciqual-siren,./matcha_updated.tar.gz,[],[],"[""owl:Class""]",https://ico.iate.inra.fr/meatylab/origin_databases/2/foods/26095,=,0.7752511899914928,http://purl.obolibrary.org/obo/FOODON_03309088,[],[],"[""owl:Class""]",false,false positive
food,ciqual-siren,./matcha_updated.tar.gz,[],[],"[""owl:Class""]",https://ico.iate.inra.fr/meatylab/origin_databases/2/foods/11039,=,0.9252816922471574,http://purl.obolibrary.org/obo/FOODON_03411459,[],[],"[""owl:Class""]",false,false positive
food,ciqual-siren,./matcha_updated.tar.gz,[],[],"[""owl:Class""]",https://ico.iate.inra.fr/meatylab/origin_databases/2/foods/40404,=,0.6494520050885783,http://purl.obolibrary.org/obo/FOODON_03311506,[],[],"[""owl:Class""]",false,false positive
food,ciqual-siren,./matcha_updated.tar.gz,[],[],"[""owl:Class""]",https://ico.iate.inra.fr/meatylab/origin_databases/2/foods/23200,=,0.7788674424167572,http://purl.obolibrary.org/obo/FOODON_03301912,[],[],"[""owl:Class""]",false,false positive
food,ciqual-siren,./matcha_updated.tar.gz,[],[],"[""owl:Class""]",https://ico.iate.inra.fr/meatylab/origin_databases/2/foods/36301,=,0.6284539701716613,http://purl.obolibrary.org/obo/FOODON_03309735,[],[],"[""owl:Class""]",true,true positive
food,ciqual-siren,./matcha_updated.tar.gz,[],[],"[""owl:Class""]",https://ico.iate.inra.fr/meatylab/origin_databases/2/foods/10080,=,0.6118034857482274,http://purl.obolibrary.org/obo/FOODON_03305677,[],[],"[""owl:Class""]",false,false positive
food,ciqual-siren,./matcha_updated.tar.gz,[],[],"[""owl:Class""]",https://ico.iate.inra.fr/meatylab/origin_databases/2/foods/1005,=,0.6331692997363222,http://purl.obolibrary.org/obo/FOODON_03543384,[],[],"[""owl:Class""]",false,false positive
food,ciqual-siren,./matcha_updated.tar.gz,[],[],"[""owl:Class""]",https://ico.iate.inra.fr/meatylab/origin_databases/2/foods/40600,=,0.8071040259678649,http://purl.obolibrary.org/obo/FOODON_03315769,[],[],"[""owl:Class""]",true,true positive
food,ciqual-siren,./matcha_updated.tar.gz,[],[],"[""owl:Class""]",https://ico.iate.inra.fr/meatylab/origin_databases/2/foods/20524,=,0.7062700729957408,http://purl.obolibrary.org/obo/FOODON_03303520,[],[],"[""owl:Class""]",false,false positive
food,ciqual-siren,./matcha_updated.tar.gz,[],[],"[""owl:Class""]",https://ico.iate.inra.fr/meatylab/origin_databases/2/foods/31039,=,0.8079019766546137,http://purl.obolibrary.org/obo/FOODON_03302512,[],[],"[""owl:Class""]",false,false positive
food,ciqual-siren,./matcha_updated.tar.gz,[],[],"[""owl:Class""]",https://ico.iate.inra.fr/meatylab/origin_databases/2/foods/20084,=,0.0,http://purl.obolibrary.org/obo/FOODON_03306808,[],[],"[""owl:Class""]",true,false negative
food,ciqual-siren,./matcha_updated.tar.gz,[],[],"[""owl:Class""]",https://ico.iate.inra.fr/meatylab/origin_databases/2/foods/7602,=,0.7535698233038987,http://purl.obolibrary.org/obo/FOODON_03309852,[],[],"[""owl:Class""]",false,false positive
food,ciqual-siren,./matcha_updated.tar.gz,[],[],"[""owl:Class""]",https://ico.iate.inra.fr/meatylab/origin_databases/2/foods/30052,=,0.6850662309417982,http://purl.obolibrary.org/obo/FOODON_03317282,[],[],"[""owl:Class""]",false,false positive
food,ciqual-siren,./matcha_updated.tar.gz,[],[],"[""owl:Class""]",https://ico.iate.inra.fr/meatylab/origin_databases/2/foods/5020,=,0.6035107511042036,http://purl.obolibrary.org/obo/FOODON_03543357,[],[],"[""owl:Class""]",false,false positive
food,ciqual-siren,./matcha_updated.tar.gz,[],[],"[""owl:Class""]",https://ico.iate.inra.fr/meatylab/origin_databases/2/foods/31037,=,0.8193533480764092,http://purl.obolibrary.org/obo/FOODON_03305781,[],[],"[""owl:Class""]",false,false positive
food,ciqual-siren,./matcha_updated.tar.gz,[],[],"[""owl:Class""]",https://ico.iate.inra.fr/meatylab/origin_databases/2/foods/20235,=,0.6408434457699851,http://purl.obolibrary.org/obo/FOODON_03310327,[],[],"[""owl:Class""]",false,false positive
food,ciqual-siren,./matcha_updated.tar.gz,[],[],"[""owl:Class""]",https://ico.iate.inra.fr/meatylab/origin_databases/2/foods/18011,=,0.6797044305483492,http://purl.obolibrary.org/obo/FOODON_03543255,[],[],"[""owl:Class""]",false,false positive
food,ciqual-siren,./matcha_updated.tar.gz,[],[],"[""owl:Class""]",https://ico.iate.inra.fr/meatylab/origin_databases/2/foods/9821,=,0.6319151875316797,http://purl.obolibrary.org/obo/FOODON_03540182,[],[],"[""owl:Class""]",false,false positive
food,ciqual-siren,./matcha_updated.tar.gz,[],[],"[""owl:Class""]",https://ico.iate.inra.fr/meatylab/origin_databases/2/foods/4090,=,0.6914436499755223,http://purl.obolibrary.org/obo/FOODON_03544169,[],[],"[""owl:Class""]",false,false positive
food,ciqual-siren,./matcha_updated.tar.gz,[],[],"[""owl:Class""]",https://ico.iate.inra.fr/meatylab/origin_databases/2/foods/31033,=,0.6226648866157124,http://purl.obolibrary.org/obo/FOODON_03543064,[],[],"[""owl:Class""]",false,false positive
food,ciqual-siren,./matcha_updated.tar.gz,[],[],"[""owl:Class""]",https://ico.iate.inra.fr/meatylab/origin_databases/2/foods/34002,=,0.0,http://purl.obolibrary.org/obo/FOODON_03306473,[],[],"[""owl:Class""]",true,false negative
food,ciqual-siren,./matcha_updated.tar.gz,[],[],"[""owl:Class""]",https://ico.iate.inra.fr/meatylab/origin_databases/2/foods/20052,=,0.8242359492439164,http://purl.obolibrary.org/obo/FOODON_03301369,[],[],"[""owl:Class""]",false,false positive
food,ciqual-siren,./matcha_updated.tar.gz,[],[],"[""owl:Class""]",https://ico.iate.inra.fr/meatylab/origin_databases/2/foods/26083,=,0.7817229056829104,http://purl.obolibrary.org/obo/FOODON_03412870,[],[],"[""owl:Class""]",false,false positive
food,ciqual-siren,./matcha_updated.tar.gz,[],[],"[""owl:Class""]",https://ico.iate.inra.fr/meatylab/origin_databases/2/foods/11042,=,0.713017603328104,http://purl.obolibrary.org/obo/FOODON_03541304,[],[],"[""owl:Class""]",false,false positive
food,ciqual-siren,./matcha_updated.tar.gz,[],[],"[""owl:Class""]",https://ico.iate.inra.fr/meatylab/origin_databases/2/foods/20200,=,0.6186787071525686,http://purl.obolibrary.org/obo/FOODON_03401563,[],[],"[""owl:Class""]",false,false positive
food,ciqual-siren,./matcha_updated.tar.gz,[],[],"[""owl:Class""]",https://ico.iate.inra.fr/meatylab/origin_databases/2/foods/5206,=,0.8091035508926497,http://purl.obolibrary.org/obo/FOODON_03310734,[],[],"[""owl:Class""]",false,false positive
food,ciqual-siren,./matcha_updated.tar.gz,[],[],"[""owl:Class""]",https://ico.iate.inra.fr/meatylab/origin_databases/2/foods/1007,=,0.6017221120661304,http://purl.obolibrary.org/obo/FOODON_03317565,[],[],"[""owl:Class""]",false,false positive
food,ciqual-siren,./matcha_updated.tar.gz,[],[],"[""owl:Class""]",https://ico.iate.inra.fr/meatylab/origin_databases/2/foods/13718,=,0.7011000526342518,http://purl.obolibrary.org/obo/FOODON_03301859,[],[],"[""owl:Class""]",false,false positive
food,ciqual-siren,./matcha_updated.tar.gz,[],[],"[""owl:Class""]",https://ico.iate.inra.fr/meatylab/origin_databases/2/foods/22009,=,0.8244710783762657,http://purl.obolibrary.org/obo/FOODON_03305052,[],[],"[""owl:Class""]",false,false positive
food,ciqual-siren,./matcha_updated.tar.gz,[],[],"[""owl:Class""]",https://ico.iate.inra.fr/meatylab/origin_databases/2/foods/26101,=,0.7823573581921945,http://purl.obolibrary.org/obo/FOODON_03309620,[],[],"[""owl:Class""]",false,false positive
food,ciqual-siren,./matcha_updated.tar.gz,[],[],"[""owl:Class""]",https://ico.iate.inra.fr/meatylab/origin_databases/2/foods/4022,=,0.6482473099556152,http://purl.obolibrary.org/obo/FOODON_03306850,[],[],"[""owl:Class""]",false,false positive
food,ciqual-siren,./matcha_updated.tar.gz,[],[],"[""owl:Class""]",https://ico.iate.inra.fr/meatylab/origin_databases/2/foods/12051,=,0.6575771678253958,http://purl.obolibrary.org/obo/FOODON_03542767,[],[],"[""owl:Class""]",false,false positive
food,ciqual-siren,./matcha_updated.tar.gz,[],[],"[""owl:Class""]",https://ico.iate.inra.fr/meatylab/origin_databases/2/foods/31062,=,0.8203573418828545,http://purl.obolibrary.org/obo/FOODON_03305865,[],[],"[""owl:Class""]",false,false positive
food,ciqual-siren,./matcha_updated.tar.gz,[],[],"[""owl:Class""]",https://ico.iate.inra.fr/meatylab/origin_databases/2/foods/20086,=,0.6061695331176923,http://purl.obolibrary.org/obo/FOODON_03302934,[],[],"[""owl:Class""]",false,false positive
food,ciqual-siren,./matcha_updated.tar.gz,[],[],"[""owl:Class""]",https://ico.iate.inra.fr/meatylab/origin_databases/2/foods/20014,=,0.8025534279501413,http://purl.obolibrary.org/obo/FOODON_03304685,[],[],"[""owl:Class""]",false,false positive
food,ciqual-siren,./matcha_updated.tar.gz,[],[],"[""owl:Class""]",https://ico.iate.inra.fr/meatylab/origin_databases/2/foods/6259,=,0.6895619281628805,http://purl.obolibrary.org/obo/FOODON_03310753,[],[],"[""owl:Class""]",false,false positive
food,ciqual-siren,./matcha_updated.tar.gz,[],[],"[""owl:Class""]",https://ico.iate.inra.fr/meatylab/origin_databases/2/foods/20059,=,0.7613992197722547,http://purl.obolibrary.org/obo/FOODON_03301716,[],[],"[""owl:Class""]",false,false positive
food,ciqual-siren,./matcha_updated.tar.gz,[],[],"[""owl:Class""]",https://ico.iate.inra.fr/meatylab/origin_databases/2/foods/26008,=,0.0,http://purl.obolibrary.org/obo/FOODON_03311608,[],[],"[""owl:Class""]",true,false negative
food,ciqual-siren,./matcha_updated.tar.gz,[],[],"[""owl:Class""]",https://ico.iate.inra.fr/meatylab/origin_databases/2/foods/2045,=,0.8298080672657078,http://purl.obolibrary.org/obo/FOODON_03306840,[],[],"[""owl:Class""]",false,false positive
food,ciqual-siren,./matcha_updated.tar.gz,[],[],"[""owl:Class""]",https://ico.iate.inra.fr/meatylab/origin_databases/2/foods/26162,=,0.7764058508229569,http://purl.obolibrary.org/obo/FOODON_03309626,[],[],"[""owl:Class""]",false,false positive
food,ciqual-siren,./matcha_updated.tar.gz,[],[],"[""owl:Class""]",https://ico.iate.inra.fr/meatylab/origin_databases/2/foods/16129,=,0.6194761871548865,http://purl.obolibrary.org/obo/FOODON_03414924,[],[],"[""owl:Class""]",false,false positive
food,ciqual-siren,./matcha_updated.tar.gz,[],[],"[""owl:Class""]",https://ico.iate.inra.fr/meatylab/origin_databases/2/foods/9310,=,0.638558676832775,http://purl.obolibrary.org/obo/FOODON_03414319,[],[],"[""owl:Class""]",false,false positive
food,ciqual-siren,./matcha_updated.tar.gz,[],[],"[""owl:Class""]",https://ico.iate.inra.fr/meatylab/origin_databases/2/foods/30350,=,0.0,http://purl.obolibrary.org/obo/FOODON_03317265,[],[],"[""owl:Class""]",true,false negative
food,ciqual-siren,./matcha_updated.tar.gz,[],[],"[""owl:Class""]",https://ico.iate.inra.fr/meatylab/origin_databases/2/foods/36050,=,0.0,http://purl.obolibrary.org/obo/FOODON_03309532,[],[],"[""owl:Class""]",true,false negative
food,ciqual-siren,./matcha_updated.tar.gz,[],[],"[""owl:Class""]",https://ico.iate.inra.fr/meatylab/origin_databases/2/foods/40110,=,0.8122471485893895,http://purl.obolibrary.org/obo/FOODON_03304516,[],[],"[""owl:Class""]",true,true positive
food,ciqual-siren,./matcha_updated.tar.gz,[],[],"[""owl:Class""]",https://ico.iate.inra.fr/meatylab/origin_databases/2/foods/13111,=,0.7745121201167666,http://purl.obolibrary.org/obo/FOODON_03301950,[],[],"[""owl:Class""]",false,false positive
food,ciqual-siren,./matcha_updated.tar.gz,[],[],"[""owl:Class""]",https://ico.iate.inra.fr/meatylab/origin_databases/2/foods/7353,=,0.653580309857396,http://purl.obolibrary.org/obo/FOODON_03540158,[],[],"[""owl:Class""]",false,false positive
food,ciqual-siren,./matcha_updated.tar.gz,[],[],"[""owl:Class""]",https://ico.iate.inra.fr/meatylab/origin_databases/2/foods/17130,=,0.8320849590484878,http://purl.obolibrary.org/obo/FOODON_03310482,[],[],"[""owl:Class""]",false,false positive
food,ciqual-siren,./matcha_updated.tar.gz,[],[],"[""owl:Class""]",https://ico.iate.inra.fr/meatylab/origin_databases/2/foods/25614,=,0.7412343143370661,http://purl.obolibrary.org/obo/FOODON_03544027,[],[],"[""owl:Class""]",false,false positive
food,ciqual-siren,./matcha_updated.tar.gz,[],[],"[""owl:Class""]",https://ico.iate.inra.fr/meatylab/origin_databases/2/foods/25111,=,0.8746673940587701,http://purl.obolibrary.org/obo/FOODON_03301511,[],[],"[""owl:Class""]",false,false positive
food,ciqual-siren,./matcha_updated.tar.gz,[],[],"[""owl:Class""]",https://ico.iate.inra.fr/meatylab/origin_databases/2/foods/20181,=,0.7818207517656804,http://purl.obolibrary.org/obo/FOODON_03307242,[],[],"[""owl:Class""]",false,false positive
food,ciqual-siren,./matcha_updated.tar.gz,[],[],"[""owl:Class""]",https://ico.iate.inra.fr/meatylab/origin_databases/2/foods/20047,=,0.7390187521789953,http://purl.obolibrary.org/obo/FOODON_03301453,[],[],"[""owl:Class""]",true,true positive
food,ciqual-siren,./matcha_updated.tar.gz,[],[],"[""owl:Class""]",https://ico.iate.inra.fr/meatylab/origin_databases/2/foods/9810,=,0.6186480774046557,http://purl.obolibrary.org/obo/FOODON_03306312,[],[],"[""owl:Class""]",false,false positive
food,ciqual-siren,./matcha_updated.tar.gz,[],[],"[""owl:Class""]",https://ico.iate.inra.fr/meatylab/origin_databases/2/foods/20700,=,0.6307122531823209,http://purl.obolibrary.org/obo/FOODON_03310744,[],[],"[""owl:Class""]",false,false positive
food,ciqual-siren,./matcha_updated.tar.gz,[],[],"[""owl:Class""]",https://ico.iate.inra.fr/meatylab/origin_databases/2/foods/23880,=,0.7938495764394066,http://purl.obolibrary.org/obo/FOODON_03305843,[],[],"[""owl:Class""]",false,false positive
food,ciqual-siren,./matcha_updated.tar.gz,[],[],"[""owl:Class""]",https://ico.iate.inra.fr/meatylab/origin_databases/2/foods/22050,=,0.8143842006611866,http://purl.obolibrary.org/obo/FOODON_03301876,[],[],"[""owl:Class""]",false,false positive
food,ciqual-siren,./matcha_updated.tar.gz,[],[],"[""owl:Class""]",https://ico.iate.inra.fr/meatylab/origin_databases/2/foods/36024,=,0.6486876843807521,http://purl.obolibrary.org/obo/FOODON_03311817,[],[],"[""owl:Class""]",false,false positive
food,ciqual-siren,./matcha_updated.tar.gz,[],[],"[""owl:Class""]",https://ico.iate.inra.fr/meatylab/origin_databases/2/foods/10014,=,0.8234540520444605,http://purl.obolibrary.org/obo/FOODON_03309195,[],[],"[""owl:Class""]",false,false positive
food,ciqual-siren,./matcha_updated.tar.gz,[],[],"[""owl:Class""]",https://ico.iate.inra.fr/meatylab/origin_databases/2/foods/31077,=,0.6461112716487196,http://purl.obolibrary.org/obo/FOODON_03542999,[],[],"[""owl:Class""]",false,false positive
food,ciqual-siren,./matcha_updated.tar.gz,[],[],"[""owl:Class""]",https://ico.iate.inra.fr/meatylab/origin_databases/2/foods/40119,=,0.793070502171831,http://purl.obolibrary.org/obo/FOODON_03301178,[],[],"[""owl:Class""]",true,true positive
food,ciqual-siren,./matcha_updated.tar.gz,[],[],"[""owl:Class""]",https://ico.iate.inra.fr/meatylab/origin_databases/2/foods/9060,=,0.0,http://purl.obolibrary.org/obo/FOODON_03310298,[],[],"[""owl:Class""]",true,false negative
food,ciqual-siren,./matcha_updated.tar.gz,[],[],"[""owl:Class""]",https://ico.iate.inra.fr/meatylab/origin_databases/2/foods/20525,=,0.839091039450719,http://purl.obolibrary.org/obo/FOODON_03302058,[],[],"[""owl:Class""]",false,false positive
food,ciqual-siren,./matcha_updated.tar.gz,[],[],"[""owl:Class""]",https://ico.iate.inra.fr/meatylab/origin_databases/2/foods/9321,=,0.7007527715720768,http://purl.obolibrary.org/obo/FOODON_03306062,[],[],"[""owl:Class""]",false,false positive
food,ciqual-siren,./matcha_updated.tar.gz,[],[],"[""owl:Class""]",https://ico.iate.inra.fr/meatylab/origin_databases/2/foods/26178,=,0.7846686986834622,http://purl.obolibrary.org/obo/FOODON_03308027,[],[],"[""owl:Class""]",false,false positive
food,ciqual-siren,./matcha_updated.tar.gz,[],[],"[""owl:Class""]",https://ico.iate.inra.fr/meatylab/origin_databases/2/foods/26154,=,0.6353879106204371,http://purl.obolibrary.org/obo/FOODON_03542335,[],[],"[""owl:Class""]",false,false positive
food,ciqual-siren,./matcha_updated.tar.gz,[],[],"[""owl:Class""]",https://ico.iate.inra.fr/meatylab/origin_databases/2/foods/9520,=,0.8099752679361462,http://purl.obolibrary.org/obo/FOODON_03307541,[],[],"[""owl:Class""]",false,false positive
food,ciqual-siren,./matcha_updated.tar.gz,[],[],"[""owl:Class""]",https://ico.iate.inra.fr/meatylab/origin_databases/2/foods/20066,=,0.6442128279546085,http://purl.obolibrary.org/obo/FOODON_03301386,[],[],"[""owl:Class""]",false,false positive
food,ciqual-siren,./matcha_updated.tar.gz,[],[],"[""owl:Class""]",https://ico.iate.inra.fr/meatylab/origin_databases/2/foods/26068,=,0.822488979908471,http://purl.obolibrary.org/obo/FOODON_03308719,[],[],"[""owl:Class""]",false,false positive
food,ciqual-siren,./matcha_updated.tar.gz,[],[],"[""owl:Class""]",https://ico.iate.inra.fr/meatylab/origin_databases/2/foods/17220,=,0.6893638790107667,http://purl.obolibrary.org/obo/FOODON_03543111,[],[],"[""owl:Class""]",false,false positive
food,ciqual-siren,./matcha_updated.tar.gz,[],[],"[""owl:Class""]",https://ico.iate.inra.fr/meatylab/origin_databases/2/foods/10001,=,0.8056937644969878,http://purl.obolibrary.org/obo/FOODON_03310077,[],[],"[""owl:Class""]",false,false positive
food,ciqual-siren,./matcha_updated.tar.gz,[],[],"[""owl:Class""]",https://ico.iate.inra.fr/meatylab/origin_databases/2/foods/31110,=,0.8298161159976459,http://purl.obolibrary.org/obo/FOODON_03309974,[],[],"[""owl:Class""]",false,false positive
food,ciqual-siren,./matcha_updated.tar.gz,[],[],"[""owl:Class""]",https://ico.iate.inra.fr/meatylab/origin_databases/2/foods/31041,=,0.6443677470496478,http://purl.obolibrary.org/obo/FOODON_03543046,[],[],"[""owl:Class""]",false,false positive
food,ciqual-siren,./matcha_updated.tar.gz,[],[],"[""owl:Class""]",https://ico.iate.inra.fr/meatylab/origin_databases/2/foods/24520,=,0.6258282480545434,http://purl.obolibrary.org/obo/FOODON_03540302,[],[],"[""owl:Class""]",false,false positive
food,ciqual-siren,./matcha_updated.tar.gz,[],[],"[""owl:Class""]",https://ico.iate.inra.fr/meatylab/origin_databases/2/foods/20920,=,0.7961434628995508,http://purl.obolibrary.org/obo/FOODON_03305750,[],[],"[""owl:Class""]",false,false positive
food,ciqual-siren,./matcha_updated.tar.gz,[],[],"[""owl:Class""]",https://ico.iate.inra.fr/meatylab/origin_databases/2/foods/12839,=,0.6375947000743066,http://purl.obolibrary.org/obo/FOODON_03542777,[],[],"[""owl:Class""]",false,false positive
food,ciqual-siren,./matcha_updated.tar.gz,[],[],"[""owl:Class""]",https://ico.iate.inra.fr/meatylab/origin_databases/2/foods/20189,=,0.7609954200001103,http://purl.obolibrary.org/obo/FOODON_03316171,[],[],"[""owl:Class""]",false,false positive
food,ciqual-siren,./matcha_updated.tar.gz,[],[],"[""owl:Class""]",https://ico.iate.inra.fr/meatylab/origin_databases/2/foods/20048,=,0.6569200219015211,http://purl.obolibrary.org/obo/FOODON_03302669,[],[],"[""owl:Class""]",false,false positive
food,ciqual-siren,./matcha_updated.tar.gz,[],[],"[""owl:Class""]",https://ico.iate.inra.fr/meatylab/origin_databases/2/foods/40700,=,0.816870801222489,http://purl.obolibrary.org/obo/FOODON_03305357,[],[],"[""owl:Class""]",false,false positive
food,ciqual-siren,./matcha_updated.tar.gz,[],[],"[""owl:Class""]",https://ico.iate.inra.fr/meatylab/origin_databases/2/foods/11049,=,0.767743238844304,http://purl.obolibrary.org/obo/FOODON_03301105,[],[],"[""owl:Class""]",false,false positive
food,ciqual-siren,./matcha_updated.tar.gz,[],[],"[""owl:Class""]",https://ico.iate.inra.fr/meatylab/origin_databases/2/foods/20045,=,0.7815218356485387,http://purl.obolibrary.org/obo/FOODON_03304656,[],[],"[""owl:Class""]",false,false positive
food,ciqual-siren,./matcha_updated.tar.gz,[],[],"[""owl:Class""]",https://ico.iate.inra.fr/meatylab/origin_databases/2/foods/6110,=,0.0,http://purl.obolibrary.org/obo/FOODON_03311468,[],[],"[""owl:Class""]",true,false negative
food,ciqual-siren,./matcha_updated.tar.gz,[],[],"[""owl:Class""]",https://ico.iate.inra.fr/meatylab/origin_databases/2/foods/19041,=,0.6945844291216249,http://purl.obolibrary.org/obo/FOODON_03317580,[],[],"[""owl:Class""]",true,true positive
food,ciqual-siren,./matcha_updated.tar.gz,[],[],"[""owl:Class""]",https://ico.iate.inra.fr/meatylab/origin_databases/2/foods/26087,=,0.7057196996942435,http://purl.obolibrary.org/obo/FOODON_03542639,[],[],"[""owl:Class""]",false,false positive
food,ciqual-siren,./matcha_updated.tar.gz,[],[],"[""owl:Class""]",https://ico.iate.inra.fr/meatylab/origin_databases/2/foods/13025,=,0.6746003382854474,http://purl.obolibrary.org/obo/FOODON_03303956,[],[],"[""owl:Class""]",false,false positive
food,ciqual-siren,./matcha_updated.tar.gz,[],[],"[""owl:Class""]",https://ico.iate.inra.fr/meatylab/origin_databases/2/foods/6002,=,0.0,http://purl.obolibrary.org/obo/FOODON_03309737,[],[],"[""owl:Class""]",true,false negative
food,ciqual-siren,./matcha_updated.tar.gz,[],[],"[""owl:Class""]",https://ico.iate.inra.fr/meatylab/origin_databases/2/foods/26219,=,0.7924872817019408,http://purl.obolibrary.org/obo/FOODON_03414611,[],[],"[""owl:Class""]",false,false positive
food,ciqual-siren,./matcha_updated.tar.gz,[],[],"[""owl:Class""]",https://ico.iate.inra.fr/meatylab/origin_databases/2/foods/26005,=,0.8642024468582902,http://purl.obolibrary.org/obo/FOODON_03317225,[],[],"[""owl:Class""]",false,false positive
food,ciqual-siren,./matcha_updated.tar.gz,[],[],"[""owl:Class""]",https://ico.iate.inra.fr/meatylab/origin_databases/2/foods/5030,=,0.7765081873056996,http://purl.obolibrary.org/obo/FOODON_03543337,[],[],"[""owl:Class""]",false,false positive
food,ciqual-siren,./matcha_updated.tar.gz,[],[],"[""owl:Class""]",https://ico.iate.inra.fr/meatylab/origin_databases/2/foods/17640,=,0.9317835755271112,http://purl.obolibrary.org/obo/FOODON_03411966,[],[],"[""owl:Class""]",false,false positive
food,ciqual-siren,./matcha_updated.tar.gz,[],[],"[""owl:Class""]",https://ico.iate.inra.fr/meatylab/origin_databases/2/foods/13012,=,0.782269376314439,http://purl.obolibrary.org/obo/FOODON_03301804,[],[],"[""owl:Class""]",false,false positive
food,ciqual-siren,./matcha_updated.tar.gz,[],[],"[""owl:Class""]",https://ico.iate.inra.fr/meatylab/origin_databases/2/foods/27009,=,0.6340924835732575,http://purl.obolibrary.org/obo/FOODON_03308453,[],[],"[""owl:Class""]",false,false positive
food,ciqual-siren,./matcha_updated.tar.gz,[],[],"[""owl:Class""]",https://ico.iate.inra.fr/meatylab/origin_databases/2/foods/17110,=,0.7467435626840633,http://purl.obolibrary.org/obo/FOODON_03543116,[],[],"[""owl:Class""]",false,false positive
food,ciqual-siren,./matcha_updated.tar.gz,[],[],"[""owl:Class""]",https://ico.iate.inra.fr/meatylab/origin_databases/2/foods/13118,=,0.7821493098496685,http://purl.obolibrary.org/obo/FOODON_03307628,[],[],"[""owl:Class""]",false,false positive
food,ciqual-siren,./matcha_updated.tar.gz,[],[],"[""owl:Class""]",https://ico.iate.inra.fr/meatylab/origin_databases/2/foods/40202,=,0.8013661195325344,http://purl.obolibrary.org/obo/FOODON_03310938,[],[],"[""owl:Class""]",true,true positive
food,ciqual-siren,./matcha_updated.tar.gz,[],[],"[""owl:Class""]",https://ico.iate.inra.fr/meatylab/origin_databases/2/foods/96781,=,0.6850593192843162,http://purl.obolibrary.org/obo/FOODON_03544165,[],[],"[""owl:Class""]",false,false positive
food,ciqual-siren,./matcha_updated.tar.gz,[],[],"[""owl:Class""]",https://ico.iate.inra.fr/meatylab/origin_databases/2/foods/26058,=,0.8165932332991418,http://purl.obolibrary.org/obo/FOODON_03309260,[],[],"[""owl:Class""]",false,false positive
food,ciqual-siren,./matcha_updated.tar.gz,[],[],"[""owl:Class""]",https://ico.iate.inra.fr/meatylab/origin_databases/2/foods/26069,=,0.63874981439064,http://purl.obolibrary.org/obo/FOODON_03308443,[],[],"[""owl:Class""]",false,false positive
food,ciqual-siren,./matcha_updated.tar.gz,[],[],"[""owl:Class""]",https://ico.iate.inra.fr/meatylab/origin_databases/2/foods/26029,=,0.7057943121166932,http://purl.obolibrary.org/obo/FOODON_03308411,[],[],"[""owl:Class""]",false,false positive
food,ciqual-siren,./matcha_updated.tar.gz,[],[],"[""owl:Class""]",https://ico.iate.inra.fr/meatylab/origin_databases/2/foods/11037,=,0.7959760785233099,http://purl.obolibrary.org/obo/FOODON_03301211,[],[],"[""owl:Class""]",false,false positive
food,ciqual-siren,./matcha_updated.tar.gz,[],[],"[""owl:Class""]",https://ico.iate.inra.fr/meatylab/origin_databases/2/foods/10011,=,0.767785219205799,http://purl.obolibrary.org/obo/FOODON_03301703,[],[],"[""owl:Class""]",false,false positive
food,ciqual-siren,./matcha_updated.tar.gz,[],[],"[""owl:Class""]",https://ico.iate.inra.fr/meatylab/origin_databases/2/foods/14005,=,0.0,http://purl.obolibrary.org/obo/FOODON_03306467,[],[],"[""owl:Class""]",true,false negative
food,ciqual-siren,./matcha_updated.tar.gz,[],[],"[""owl:Class""]",https://ico.iate.inra.fr/meatylab/origin_databases/2/foods/11018,=,0.7441314461560652,http://purl.obolibrary.org/obo/FOODON_03301705,[],[],"[""owl:Class""]",true,true positive
food,ciqual-siren,./matcha_updated.tar.gz,[],[],"[""owl:Class""]",https://ico.iate.inra.fr/meatylab/origin_databases/2/foods/20044,=,0.7660426416703842,http://purl.obolibrary.org/obo/FOODON_03301697,[],[],"[""owl:Class""]",false,false positive
food,ciqual-siren,./matcha_updated.tar.gz,[],[],"[""owl:Class""]",https://ico.iate.inra.fr/meatylab/origin_databases/2/foods/13007,=,0.816599745427442,http://purl.obolibrary.org/obo/FOODON_03311604,[],[],"[""owl:Class""]",false,false positive
food,ciqual-siren,./matcha_updated.tar.gz,[],[],"[""owl:Class""]",https://ico.iate.inra.fr/meatylab/origin_databases/2/foods/2371,=,0.7001367098380803,http://purl.obolibrary.org/obo/FOODON_03543201,[],[],"[""owl:Class""]",false,false positive
food,ciqual-siren,./matcha_updated.tar.gz,[],[],"[""owl:Class""]",https://ico.iate.inra.fr/meatylab/origin_databases/2/foods/26107,=,0.7730464520289235,http://purl.obolibrary.org/obo/FOODON_03414599,[],[],"[""owl:Class""]",false,false positive
food,ciqual-siren,./matcha_updated.tar.gz,[],[],"[""owl:Class""]",https://ico.iate.inra.fr/meatylab/origin_databases/2/foods/18069,=,0.7864680041313415,http://purl.obolibrary.org/obo/FOODON_03543417,[],[],"[""owl:Class""]",false,false positive
food,ciqual-siren,./matcha_updated.tar.gz,[],[],"[""owl:Class""]",https://ico.iate.inra.fr/meatylab/origin_databases/2/foods/30309,=,0.7594977353523864,http://purl.obolibrary.org/obo/FOODON_03315801,[],[],"[""owl:Class""]",false,false positive
food,ciqual-siren,./matcha_updated.tar.gz,[],[],"[""owl:Class""]",https://ico.iate.inra.fr/meatylab/origin_databases/2/foods/10018,=,0.7591179612158908,http://purl.obolibrary.org/obo/FOODON_03413680,[],[],"[""owl:Class""]",false,false positive
food,ciqual-siren,./matcha_updated.tar.gz,[],[],"[""owl:Class""]",https://ico.iate.inra.fr/meatylab/origin_databases/2/foods/20016,=,0.766336851587252,http://purl.obolibrary.org/obo/FOODON_03302732,[],[],"[""owl:Class""]",false,false positive
food,ciqual-siren,./matcha_updated.tar.gz,[],[],"[""owl:Class""]",https://ico.iate.inra.fr/meatylab/origin_databases/2/foods/20006,=,0.8143297896335873,http://purl.obolibrary.org/obo/FOODON_03311420,[],[],"[""owl:Class""]",false,false positive
food,ciqual-siren,./matcha_updated.tar.gz,[],[],"[""owl:Class""]",https://ico.iate.inra.fr/meatylab/origin_databases/2/foods/19585,=,0.8229573776941188,http://purl.obolibrary.org/obo/FOODON_03302908,[],[],"[""owl:Class""]",false,false positive
food,ciqual-siren,./matcha_updated.tar.gz,[],[],"[""owl:Class""]",https://ico.iate.inra.fr/meatylab/origin_databases/2/foods/6001,=,0.0,http://purl.obolibrary.org/obo/FOODON_03311315,[],[],"[""owl:Class""]",true,false negative
food,ciqual-siren,./matcha_updated.tar.gz,[],[],"[""owl:Class""]",https://ico.iate.inra.fr/meatylab/origin_databases/2/foods/15039,=,0.7808837603485549,http://purl.obolibrary.org/obo/FOODON_03316699,[],[],"[""owl:Class""]",false,false positive
food,ciqual-siren,./matcha_updated.tar.gz,[],[],"[""owl:Class""]",https://ico.iate.inra.fr/meatylab/origin_databases/2/foods/13132,=,0.6554808220781755,http://purl.obolibrary.org/obo/FOODON_03302120,[],[],"[""owl:Class""]",false,false positive
food,ciqual-siren,./matcha_updated.tar.gz,[],[],"[""owl:Class""]",https://ico.iate.inra.fr/meatylab/origin_databases/2/foods/26174,=,0.7761329277780658,http://purl.obolibrary.org/obo/FOODON_03307992,[],[],"[""owl:Class""]",false,false positive
food,ciqual-siren,./matcha_updated.tar.gz,[],[],"[""owl:Class""]",https://ico.iate.inra.fr/meatylab/origin_databases/2/foods/20914,=,0.0,http://purl.obolibrary.org/obo/FOODON_03306436,[],[],"[""owl:Class""]",true,false negative
food,ciqual-siren,./matcha_updated.tar.gz,[],[],"[""owl:Class""]",https://ico.iate.inra.fr/meatylab/origin_databases/2/foods/10007,=,0.0,http://purl.obolibrary.org/obo/FOODON_03301481,[],[],"[""owl:Class""]",true,false negative
food,ciqual-siren,./matcha_updated.tar.gz,[],[],"[""owl:Class""]",https://ico.iate.inra.fr/meatylab/origin_databases/2/foods/13005,=,0.672797617146648,http://purl.obolibrary.org/obo/FOODON_03301967,[],[],"[""owl:Class""]",false,false positive
food,ciqual-siren,./matcha_updated.tar.gz,[],[],"[""owl:Class""]",https://ico.iate.inra.fr/meatylab/origin_databases/2/foods/20119,=,0.7991718550589154,http://purl.obolibrary.org/obo/FOODON_03309573,[],[],"[""owl:Class""]",false,false positive
food,ciqual-siren,./matcha_updated.tar.gz,[],[],"[""owl:Class""]",https://ico.iate.inra.fr/meatylab/origin_databases/2/foods/21518,=,0.0,http://purl.obolibrary.org/obo/FOODON_03311664,[],[],"[""owl:Class""]",true,false negative
food,ciqual-siren,./matcha_updated.tar.gz,[],[],"[""owl:Class""]",https://ico.iate.inra.fr/meatylab/origin_databases/2/foods/15024,=,0.7650500593040512,http://purl.obolibrary.org/obo/FOODON_03310978,[],[],"[""owl:Class""]",false,false positive
food,ciqual-siren,./matcha_updated.tar.gz,[],[],"[""owl:Class""]",https://ico.iate.inra.fr/meatylab/origin_databases/2/foods/26146,=,0.7749773583681655,http://purl.obolibrary.org/obo/FOODON_03308016,[],[],"[""owl:Class""]",false,false positive
food,ciqual-siren,./matcha_updated.tar.gz,[],[],"[""owl:Class""]",https://ico.iate.inra.fr/meatylab/origin_databases/2/foods/17270,=,0.6673833870492789,http://purl.obolibrary.org/obo/FOODON_03543095,[],[],"[""owl:Class""]",false,false positive
food,ciqual-siren,./matcha_updated.tar.gz,[],[],"[""owl:Class""]",https://ico.iate.inra.fr/meatylab/origin_databases/2/foods/26076,=,0.7747612494808319,http://purl.obolibrary.org/obo/FOODON_03308446,[],[],"[""owl:Class""]",false,false positive
food,ciqual-siren,./matcha_updated.tar.gz,[],[],"[""owl:Class""]",https://ico.iate.inra.fr/meatylab/origin_databases/2/foods/25031,=,0.6335449106122493,http://purl.obolibrary.org/obo/FOODON_03543977,[],[],"[""owl:Class""]",false,false positive
food,ciqual-siren,./matcha_updated.tar.gz,[],[],"[""owl:Class""]",https://ico.iate.inra.fr/meatylab/origin_databases/2/foods/20199,=,0.6132613265446356,http://purl.obolibrary.org/obo/FOODON_03401583,[],[],"[""owl:Class""]",false,false positive
food,ciqual-siren,./matcha_updated.tar.gz,[],[],"[""owl:Class""]",https://ico.iate.inra.fr/meatylab/origin_databases/2/foods/9108,=,0.7361554098989057,http://purl.obolibrary.org/obo/FOODON_03411375,[],[],"[""owl:Class""]",false,false positive
food,ciqual-siren,./matcha_updated.tar.gz,[],[],"[""owl:Class""]",https://ico.iate.inra.fr/meatylab/origin_databases/2/foods/26147,=,0.6041783116272738,http://purl.obolibrary.org/obo/FOODON_03411510,[],[],"[""owl:Class""]",false,false positive
food,ciqual-siren,./matcha_updated.tar.gz,[],[],"[""owl:Class""]",https://ico.iate.inra.fr/meatylab/origin_databases/2/foods/25123,=,0.6468859410230694,http://purl.obolibrary.org/obo/FOODON_03543856,[],[],"[""owl:Class""]",false,false positive
food,ciqual-siren,./matcha_updated.tar.gz,[],[],"[""owl:Class""]",https://ico.iate.inra.fr/meatylab/origin_databases/2/foods/13042,=,0.9203863579277447,http://purl.obolibrary.org/obo/FOODON_03411207,[],[],"[""owl:Class""]",false,false positive
food,ciqual-siren,./matcha_updated.tar.gz,[],[],"[""owl:Class""]",https://ico.iate.inra.fr/meatylab/origin_databases/2/foods/11034,=,0.7976573543385977,http://purl.obolibrary.org/obo/FOODON_03301201,[],[],"[""owl:Class""]",false,false positive
food,ciqual-siren,./matcha_updated.tar.gz,[],[],"[""owl:Class""]",https://ico.iate.inra.fr/meatylab/origin_databases/2/foods/20504,=,0.7815785839121475,http://purl.obolibrary.org/obo/FOODON_03301421,[],[],"[""owl:Class""]",false,false positive
food,ciqual-siren,./matcha_updated.tar.gz,[],[],"[""owl:Class""]",https://ico.iate.inra.fr/meatylab/origin_databases/2/foods/26011,=,0.8118132327703808,http://purl.obolibrary.org/obo/FOODON_03308102,[],[],"[""owl:Class""]",true,true positive
food,ciqual-siren,./matcha_updated.tar.gz,[],[],"[""owl:Class""]",https://ico.iate.inra.fr/meatylab/origin_databases/2/foods/13029,=,0.7774817111883106,http://purl.obolibrary.org/obo/FOODON_03301236,[],[],"[""owl:Class""]",false,false positive
food,ciqual-siren,./matcha_updated.tar.gz,[],[],"[""owl:Class""]",https://ico.iate.inra.fr/meatylab/origin_databases/2/foods/7130,=,0.6370714845164992,http://purl.obolibrary.org/obo/FOODON_03540166,[],[],"[""owl:Class""]",false,false positive
food,ciqual-siren,./matcha_updated.tar.gz,[],[],"[""owl:Class""]",https://ico.iate.inra.fr/meatylab/origin_databases/2/foods/25033,=,0.0,http://purl.obolibrary.org/obo/FOODON_03304779,[],[],"[""owl:Class""]",true,false negative
food,ciqual-siren,./matcha_updated.tar.gz,[],[],"[""owl:Class""]",https://ico.iate.inra.fr/meatylab/origin_databases/2/foods/28505,=,0.6801247203335461,http://purl.obolibrary.org/obo/FOODON_03304541,[],[],"[""owl:Class""]",false,false positive
food,ciqual-siren,./matcha_updated.tar.gz,[],[],"[""owl:Class""]",https://ico.iate.inra.fr/meatylab/origin_databases/2/foods/6201,=,0.6040237318419824,http://purl.obolibrary.org/obo/FOODON_03310591,[],[],"[""owl:Class""]",false,false positive
food,ciqual-siren,./matcha_updated.tar.gz,[],[],"[""owl:Class""]",https://ico.iate.inra.fr/meatylab/origin_databases/2/foods/9550,=,0.8177744927018781,http://purl.obolibrary.org/obo/FOODON_03309657,[],[],"[""owl:Class""]",false,false positive
food,ciqual-siren,./matcha_updated.tar.gz,[],[],"[""owl:Class""]",https://ico.iate.inra.fr/meatylab/origin_databases/2/foods/18430,=,0.7414679757134036,http://purl.obolibrary.org/obo/FOODON_03301258,[],[],"[""owl:Class""]",false,false positive
food,ciqual-siren,./matcha_updated.tar.gz,[],[],"[""owl:Class""]",https://ico.iate.inra.fr/meatylab/origin_databases/2/foods/30134,=,0.721825160947479,http://purl.obolibrary.org/obo/FOODON_03542185,[],[],"[""owl:Class""]",false,false positive
food,ciqual-siren,./matcha_updated.tar.gz,[],[],"[""owl:Class""]",https://ico.iate.inra.fr/meatylab/origin_databases/2/foods/10030,=,0.7786874015619862,http://purl.obolibrary.org/obo/FOODON_03308374,[],[],"[""owl:Class""]",false,false positive
food,ciqual-siren,./matcha_updated.tar.gz,[],[],"[""owl:Class""]",https://ico.iate.inra.fr/meatylab/origin_databases/2/foods/26009,=,0.8180861966585036,http://purl.obolibrary.org/obo/FOODON_03309083,[],[],"[""owl:Class""]",false,false positive
food,ciqual-siren,./matcha_updated.tar.gz,[],[],"[""owl:Class""]",https://ico.iate.inra.fr/meatylab/origin_databases/2/foods/31007,=,0.6101138909774126,http://purl.obolibrary.org/obo/FOODON_03543055,[],[],"[""owl:Class""]",false,false positive
food,ciqual-siren,./matcha_updated.tar.gz,[],[],"[""owl:Class""]",https://ico.iate.inra.fr/meatylab/origin_databases/2/foods/5100,=,0.6028691106593049,http://purl.obolibrary.org/obo/FOODON_03310759,[],[],"[""owl:Class""]",false,false positive
food,ciqual-siren,./matcha_updated.tar.gz,[],[],"[""owl:Class""]",https://ico.iate.inra.fr/meatylab/origin_databases/2/foods/10024,=,0.6268773389290648,http://purl.obolibrary.org/obo/FOODON_03542505,[],[],"[""owl:Class""]",false,false positive
food,ciqual-siren,./matcha_updated.tar.gz,[],[],"[""owl:Class""]",https://ico.iate.inra.fr/meatylab/origin_databases/2/foods/2371,=,0.0,http://purl.obolibrary.org/obo/FOODON_03301288,[],[],"[""owl:Class""]",true,false negative
food,ciqual-siren,./matcha_updated.tar.gz,[],[],"[""owl:Class""]",https://ico.iate.inra.fr/meatylab/origin_databases/2/foods/10059,=,0.0,http://purl.obolibrary.org/obo/FOODON_03301837,[],[],"[""owl:Class""]",true,false negative
food,ciqual-siren,./matcha_updated.tar.gz,[],[],"[""owl:Class""]",https://ico.iate.inra.fr/meatylab/origin_databases/2/foods/31016,=,0.0,http://purl.obolibrary.org/obo/FOODON_03420157,[],[],"[""owl:Class""]",true,false negative
food,ciqual-siren,./matcha_updated.tar.gz,[],[],"[""owl:Class""]",https://ico.iate.inra.fr/meatylab/origin_databases/2/foods/36310,=,0.0,http://purl.obolibrary.org/obo/FOODON_03309735,[],[],"[""owl:Class""]",true,false negative
food,ciqual-siren,./matcha_updated.tar.gz,[],[],"[""owl:Class""]",https://ico.iate.inra.fr/meatylab/origin_databases/2/foods/26171,=,0.6526058102351646,http://purl.obolibrary.org/obo/FOODON_03542312,[],[],"[""owl:Class""]",false,false positive
food,ciqual-siren,./matcha_updated.tar.gz,[],[],"[""owl:Class""]",https://ico.iate.inra.fr/meatylab/origin_databases/2/foods/22003,=,0.6419470545729933,http://purl.obolibrary.org/obo/UBERON_0007378,[],[],"[""owl:Class""]",false,false positive
food,ciqual-siren,./matcha_updated.tar.gz,[],[],"[""owl:Class""]",https://ico.iate.inra.fr/meatylab/origin_databases/2/foods/20069,=,0.8059709379597771,http://purl.obolibrary.org/obo/FOODON_03310228,[],[],"[""owl:Class""]",false,false positive
food,ciqual-siren,./matcha_updated.tar.gz,[],[],"[""owl:Class""]",https://ico.iate.inra.fr/meatylab/origin_databases/2/foods/9660,=,0.8199712863527264,http://purl.obolibrary.org/obo/FOODON_03301595,[],[],"[""owl:Class""]",false,false positive
food,ciqual-siren,./matcha_updated.tar.gz,[],[],"[""owl:Class""]",https://ico.iate.inra.fr/meatylab/origin_databases/2/foods/26043,=,0.6252719375230043,http://purl.obolibrary.org/obo/FOODON_03411423,[],[],"[""owl:Class""]",false,false positive
food,ciqual-siren,./matcha_updated.tar.gz,[],[],"[""owl:Class""]",https://ico.iate.inra.fr/meatylab/origin_databases/2/foods/5208,=,0.808378626381932,http://purl.obolibrary.org/obo/FOODON_03310272,[],[],"[""owl:Class""]",false,false positive
food,ciqual-siren,./matcha_updated.tar.gz,[],[],"[""owl:Class""]",https://ico.iate.inra.fr/meatylab/origin_databases/2/foods/11007,=,0.0,http://purl.obolibrary.org/obo/FOODON_03305347,[],[],"[""owl:Class""]",true,false negative
food,ciqual-siren,./matcha_updated.tar.gz,[],[],"[""owl:Class""]",https://ico.iate.inra.fr/meatylab/origin_databases/2/foods/8703,=,0.0,http://purl.obolibrary.org/obo/FOODON_03316919,[],[],"[""owl:Class""]",true,false negative
food,ciqual-siren,./matcha_updated.tar.gz,[],[],"[""owl:Class""]",https://ico.iate.inra.fr/meatylab/origin_databases/2/foods/9340,=,0.6832405830516263,http://purl.obolibrary.org/obo/FOODON_03412027,[],[],"[""owl:Class""]",false,false positive
food,ciqual-siren,./matcha_updated.tar.gz,[],[],"[""owl:Class""]",https://ico.iate.inra.fr/meatylab/origin_databases/2/foods/6201,=,0.0,http://purl.obolibrary.org/obo/FOODON_03311663,[],[],"[""owl:Class""]",true,false negative
food,ciqual-siren,./matcha_updated.tar.gz,[],[],"[""owl:Class""]",https://ico.iate.inra.fr/meatylab/origin_databases/2/foods/9530,=,0.6011994995025086,http://purl.obolibrary.org/obo/FOODON_03302492,[],[],"[""owl:Class""]",false,false positive
food,ciqual-siren,./matcha_updated.tar.gz,[],[],"[""owl:Class""]",https://ico.iate.inra.fr/meatylab/origin_databases/2/foods/10039,=,0.7613479999337565,http://purl.obolibrary.org/obo/FOODON_03303182,[],[],"[""owl:Class""]",false,false positive
food,ciqual-siren,./matcha_updated.tar.gz,[],[],"[""owl:Class""]",https://ico.iate.inra.fr/meatylab/origin_databases/2/foods/13083,=,0.6804086096270544,http://purl.obolibrary.org/obo/FOODON_03307171,[],[],"[""owl:Class""]",false,false positive
food,ciqual-siren,./matcha_updated.tar.gz,[],[],"[""owl:Class""]",https://ico.iate.inra.fr/meatylab/origin_databases/2/foods/11023,=,0.6090805445600943,http://purl.obolibrary.org/obo/FOODON_03301844,[],[],"[""owl:Class""]",false,false positive
food,ciqual-siren,./matcha_updated.tar.gz,[],[],"[""owl:Class""]",https://ico.iate.inra.fr/meatylab/origin_databases/2/foods/36900,=,0.6094601539161109,http://purl.obolibrary.org/obo/FOODON_03317344,[],[],"[""owl:Class""]",false,false positive
food,ciqual-siren,./matcha_updated.tar.gz,[],[],"[""owl:Class""]",https://ico.iate.inra.fr/meatylab/origin_databases/2/foods/28100,=,0.790975838129891,http://purl.obolibrary.org/obo/FOODON_03311076,[],[],"[""owl:Class""]",true,true positive
food,ciqual-siren,./matcha_updated.tar.gz,[],[],"[""owl:Class""]",https://ico.iate.inra.fr/meatylab/origin_databases/2/foods/26092,=,0.8146550158118747,http://purl.obolibrary.org/obo/FOODON_03308025,[],[],"[""owl:Class""]",false,false positive
food,ciqual-siren,./matcha_updated.tar.gz,[],[],"[""owl:Class""]",https://ico.iate.inra.fr/meatylab/origin_databases/2/foods/36300,=,0.6583648308667228,http://purl.obolibrary.org/obo/FOODON_03303014,[],[],"[""owl:Class""]",false,false positive
food,ciqual-siren,./matcha_updated.tar.gz,[],[],"[""owl:Class""]",https://ico.iate.inra.fr/meatylab/origin_databases/2/foods/13071,=,0.7542359540724681,http://purl.obolibrary.org/obo/FOODON_03412776,[],[],"[""owl:Class""]",false,false positive
food,ciqual-siren,./matcha_updated.tar.gz,[],[],"[""owl:Class""]",https://ico.iate.inra.fr/meatylab/origin_databases/2/foods/21513,=,0.0,http://purl.obolibrary.org/obo/FOODON_03311664,[],[],"[""owl:Class""]",true,false negative
food,ciqual-siren,./matcha_updated.tar.gz,[],[],"[""owl:Class""]",https://ico.iate.inra.fr/meatylab/origin_databases/2/foods/23081,=,0.6609044021545871,http://purl.obolibrary.org/obo/FOODON_03302767,[],[],"[""owl:Class""]",false,false positive
food,ciqual-siren,./matcha_updated.tar.gz,[],[],"[""owl:Class""]",https://ico.iate.inra.fr/meatylab/origin_databases/2/foods/28803,=,0.6167269611864047,http://purl.obolibrary.org/obo/FOODON_03302180,[],[],"[""owl:Class""]",false,false positive
food,ciqual-siren,./matcha_updated.tar.gz,[],[],"[""owl:Class""]",https://ico.iate.inra.fr/meatylab/origin_databases/2/foods/34001,=,0.8030121982702045,http://purl.obolibrary.org/obo/FOODON_03306485,[],[],"[""owl:Class""]",true,true positive
food,ciqual-siren,./matcha_updated.tar.gz,[],[],"[""owl:Class""]",https://ico.iate.inra.fr/meatylab/origin_databases/2/foods/17180,=,0.7061400155672095,http://purl.obolibrary.org/obo/FOODON_03543109,[],[],"[""owl:Class""]",false,false positive
food,ciqual-siren,./matcha_updated.tar.gz,[],[],"[""owl:Class""]",https://ico.iate.inra.fr/meatylab/origin_databases/2/foods/2366,=,0.7061150228423465,http://purl.obolibrary.org/obo/FOODON_03543199,[],[],"[""owl:Class""]",false,false positive
food,ciqual-siren,./matcha_updated.tar.gz,[],[],"[""owl:Class""]",https://ico.iate.inra.fr/meatylab/origin_databases/2/foods/18107,=,0.6838110992416911,http://purl.obolibrary.org/obo/FOODON_03543833,[],[],"[""owl:Class""]",false,false positive
food,ciqual-siren,./matcha_updated.tar.gz,[],[],"[""owl:Class""]",https://ico.iate.inra.fr/meatylab/origin_databases/2/foods/11038,=,0.7953875055622671,http://purl.obolibrary.org/obo/FOODON_03301215,[],[],"[""owl:Class""]",false,false positive
food,ciqual-siren,./matcha_updated.tar.gz,[],[],"[""owl:Class""]",https://ico.iate.inra.fr/meatylab/origin_databases/2/foods/18018,=,0.0,http://purl.obolibrary.org/obo/FOODON_03301776,[],[],"[""owl:Class""]",true,false negative
food,ciqual-siren,./matcha_updated.tar.gz,[],[],"[""owl:Class""]",https://ico.iate.inra.fr/meatylab/origin_databases/2/foods/20018,=,0.6359513202576872,http://purl.obolibrary.org/obo/FOODON_03306832,[],[],"[""owl:Class""]",false,false positive
food,ciqual-siren,./matcha_updated.tar.gz,[],[],"[""owl:Class""]",https://ico.iate.inra.fr/meatylab/origin_databases/2/foods/11159,=,0.6554415698759736,http://purl.obolibrary.org/obo/FOODON_03544102,[],[],"[""owl:Class""]",false,false positive
food,ciqual-siren,./matcha_updated.tar.gz,[],[],"[""owl:Class""]",https://ico.iate.inra.fr/meatylab/origin_databases/2/foods/13028,=,0.7737471947347814,http://purl.obolibrary.org/obo/FOODON_03302045,[],[],"[""owl:Class""]",false,false positive
food,ciqual-siren,./matcha_updated.tar.gz,[],[],"[""owl:Class""]",https://ico.iate.inra.fr/meatylab/origin_databases/2/foods/11066,=,0.6013316444137478,http://purl.obolibrary.org/obo/FOODON_03541308,[],[],"[""owl:Class""]",false,false positive
food,ciqual-siren,./matcha_updated.tar.gz,[],[],"[""owl:Class""]",https://ico.iate.inra.fr/meatylab/origin_databases/2/foods/28201,=,0.0,http://purl.obolibrary.org/obo/FOODON_03309967,[],[],"[""owl:Class""]",true,false negative
food,ciqual-siren,./matcha_updated.tar.gz,[],[],"[""owl:Class""]",https://ico.iate.inra.fr/meatylab/origin_databases/2/foods/11013,=,0.929883995008017,http://purl.obolibrary.org/obo/FOODON_03412069,[],[],"[""owl:Class""]",false,false positive
food,ciqual-siren,./matcha_updated.tar.gz,[],[],"[""owl:Class""]",https://ico.iate.inra.fr/meatylab/origin_databases/2/foods/11048,=,0.9204003044343035,http://purl.obolibrary.org/obo/FOODON_03411214,[],[],"[""owl:Class""]",false,false positive
food,ciqual-siren,./matcha_updated.tar.gz,[],[],"[""owl:Class""]",https://ico.iate.inra.fr/meatylab/origin_databases/2/foods/54500,=,0.7860376358914318,http://purl.obolibrary.org/obo/FOODON_03305285,[],[],"[""owl:Class""]",false,false positive
food,ciqual-siren,./matcha_updated.tar.gz,[],[],"[""owl:Class""]",https://ico.iate.inra.fr/meatylab/origin_databases/2/foods/9815,=,0.6372140601700483,http://purl.obolibrary.org/obo/FOODON_03540179,[],[],"[""owl:Class""]",false,false positive
food,ciqual-siren,./matcha_updated.tar.gz,[],[],"[""owl:Class""]",https://ico.iate.inra.fr/meatylab/origin_databases/2/foods/20197,=,0.7586793145213602,http://purl.obolibrary.org/obo/FOODON_03412962,[],[],"[""owl:Class""]",false,false positive
food,ciqual-siren,./matcha_updated.tar.gz,[],[],"[""owl:Class""]",https://ico.iate.inra.fr/meatylab/origin_databases/2/foods/20917,=,0.7844440629108052,http://purl.obolibrary.org/obo/FOODON_03304999,[],[],"[""owl:Class""]",false,false positive
food,ciqual-siren,./matcha_updated.tar.gz,[],[],"[""owl:Class""]",https://ico.iate.inra.fr/meatylab/origin_databases/2/foods/40111,=,0.7992310195321829,http://purl.obolibrary.org/obo/FOODON_03301179,[],[],"[""owl:Class""]",true,true positive
food,ciqual-siren,./matcha_updated.tar.gz,[],[],"[""owl:Class""]",https://ico.iate.inra.fr/meatylab/origin_databases/2/foods/40054,=,0.8038071908173033,http://purl.obolibrary.org/obo/FOODON_03303027,[],[],"[""owl:Class""]",true,true positive
food,ciqual-siren,./matcha_updated.tar.gz,[],[],"[""owl:Class""]",https://ico.iate.inra.fr/meatylab/origin_databases/2/foods/9101,=,0.6811931933661295,http://purl.obolibrary.org/obo/FOODON_03304555,[],[],"[""owl:Class""]",false,false positive
food,ciqual-siren,./matcha_updated.tar.gz,[],[],"[""owl:Class""]",https://ico.iate.inra.fr/meatylab/origin_databases/2/foods/7257,=,0.6840060230649962,http://purl.obolibrary.org/obo/FOODON_03305833,[],[],"[""owl:Class""]",false,false positive
food,ciqual-siren,./matcha_updated.tar.gz,[],[],"[""owl:Class""]",https://ico.iate.inra.fr/meatylab/origin_databases/2/foods/2043,=,0.7083885984855486,http://purl.obolibrary.org/obo/FOODON_03543196,[],[],"[""owl:Class""]",false,false positive
food,ciqual-siren,./matcha_updated.tar.gz,[],[],"[""owl:Class""]",https://ico.iate.inra.fr/meatylab/origin_databases/2/foods/4008,=,0.8184169388989182,http://purl.obolibrary.org/obo/FOODON_03307030,[],[],"[""owl:Class""]",false,false positive
food,ciqual-siren,./matcha_updated.tar.gz,[],[],"[""owl:Class""]",https://ico.iate.inra.fr/meatylab/origin_databases/2/foods/20085,=,0.832023817086347,http://purl.obolibrary.org/obo/FOODON_03306726,[],[],"[""owl:Class""]",false,false positive
food,ciqual-siren,./matcha_updated.tar.gz,[],[],"[""owl:Class""]",https://ico.iate.inra.fr/meatylab/origin_databases/2/foods/12803,=,0.8221021563218555,http://purl.obolibrary.org/obo/FOODON_03303655,[],[],"[""owl:Class""]",false,false positive
food,ciqual-siren,./matcha_updated.tar.gz,[],[],"[""owl:Class""]",https://ico.iate.inra.fr/meatylab/origin_databases/2/foods/5207,=,0.7735135004802954,http://purl.obolibrary.org/obo/FOODON_03301564,[],[],"[""owl:Class""]",false,false positive
food,ciqual-siren,./matcha_updated.tar.gz,[],[],"[""owl:Class""]",https://ico.iate.inra.fr/meatylab/origin_databases/2/foods/19050,=,0.0,http://purl.obolibrary.org/obo/FOODON_03317579,[],[],"[""owl:Class""]",true,false negative
food,ciqual-siren,./matcha_updated.tar.gz,[],[],"[""owl:Class""]",https://ico.iate.inra.fr/meatylab/origin_databases/2/foods/4014,=,0.6491870822114111,http://purl.obolibrary.org/obo/FOODON_03307212,[],[],"[""owl:Class""]",false,false positive
food,ciqual-siren,./matcha_updated.tar.gz,[],[],"[""owl:Class""]",https://ico.iate.inra.fr/meatylab/origin_databases/2/foods/20072,=,0.0,http://purl.obolibrary.org/obo/FOODON_03301300,[],[],"[""owl:Class""]",true,false negative
food,ciqual-siren,./matcha_updated.tar.gz,[],[],"[""owl:Class""]",https://ico.iate.inra.fr/meatylab/origin_databases/2/foods/11174,=,0.0,http://purl.obolibrary.org/obo/FOODON_03302145,[],[],"[""owl:Class""]",true,false negative
food,ciqual-siren,./matcha_updated.tar.gz,[],[],"[""owl:Class""]",https://ico.iate.inra.fr/meatylab/origin_databases/2/foods/20023,=,0.768729957983807,http://purl.obolibrary.org/obo/FOODON_03413729,[],[],"[""owl:Class""]",false,false positive
food,ciqual-siren,./matcha_updated.tar.gz,[],[],"[""owl:Class""]",https://ico.iate.inra.fr/meatylab/origin_databases/2/foods/11507,=,0.846,http://purl.obolibrary.org/obo/FOODON_03413256,[],[],"[""owl:Class""]",false,false positive
food,ciqual-siren,./matcha_updated.tar.gz,[],[],"[""owl:Class""]",https://ico.iate.inra.fr/meatylab/origin_databases/2/foods/25571,=,0.7970310853247519,http://purl.obolibrary.org/obo/FOODON_03310709,[],[],"[""owl:Class""]",false,false positive
food,ciqual-siren,./matcha_updated.tar.gz,[],[],"[""owl:Class""]",https://ico.iate.inra.fr/meatylab/origin_databases/2/foods/28007,=,0.6503600756566551,http://purl.obolibrary.org/obo/FOODON_03317315,[],[],"[""owl:Class""]",false,false positive
food,ciqual-siren,./matcha_updated.tar.gz,[],[],"[""owl:Class""]",https://ico.iate.inra.fr/meatylab/origin_databases/2/foods/20083,=,0.6413343661798562,http://purl.obolibrary.org/obo/FOODON_03301376,[],[],"[""owl:Class""]",false,false positive
food,ciqual-siren,./matcha_updated.tar.gz,[],[],"[""owl:Class""]",https://ico.iate.inra.fr/meatylab/origin_databases/2/foods/26030,=,0.0,http://purl.obolibrary.org/obo/FOODON_03316280,[],[],"[""owl:Class""]",true,false negative
food,ciqual-siren,./matcha_updated.tar.gz,[],[],"[""owl:Class""]",https://ico.iate.inra.fr/meatylab/origin_databases/2/foods/5008,=,0.6164630700631951,http://purl.obolibrary.org/obo/FOODON_03316982,[],[],"[""owl:Class""]",false,false positive
food,ciqual-siren,./matcha_updated.tar.gz,[],[],"[""owl:Class""]",https://ico.iate.inra.fr/meatylab/origin_databases/2/foods/34500,=,0.8133424339354649,http://purl.obolibrary.org/obo/FOODON_03305168,[],[],"[""owl:Class""]",false,false positive
food,ciqual-siren,./matcha_updated.tar.gz,[],[],"[""owl:Class""]",https://ico.iate.inra.fr/meatylab/origin_databases/2/foods/2375,=,0.0,http://purl.obolibrary.org/obo/FOODON_03306016,[],[],"[""owl:Class""]",true,false negative
food,ciqual-siren,./matcha_updated.tar.gz,[],[],"[""owl:Class""]",https://ico.iate.inra.fr/meatylab/origin_databases/2/foods/27025,=,0.6387002810836283,http://purl.obolibrary.org/obo/FOODON_03542275,[],[],"[""owl:Class""]",false,false positive
food,ciqual-siren,./matcha_updated.tar.gz,[],[],"[""owl:Class""]",https://ico.iate.inra.fr/meatylab/origin_databases/2/foods/13113,=,0.7791140801903594,http://purl.obolibrary.org/obo/FOODON_03301723,[],[],"[""owl:Class""]",false,false positive
food,ciqual-siren,./matcha_updated.tar.gz,[],[],"[""owl:Class""]",https://ico.iate.inra.fr/meatylab/origin_databases/2/foods/25477,=,0.6227721108528818,http://purl.obolibrary.org/obo/FOODON_03543943,[],[],"[""owl:Class""]",false,false positive
food,ciqual-siren,./matcha_updated.tar.gz,[],[],"[""owl:Class""]",https://ico.iate.inra.fr/meatylab/origin_databases/2/foods/11045,=,0.713699031954979,http://purl.obolibrary.org/obo/FOODON_03413797,[],[],"[""owl:Class""]",false,false positive
food,ciqual-siren,./matcha_updated.tar.gz,[],[],"[""owl:Class""]",https://ico.iate.inra.fr/meatylab/origin_databases/2/foods/10079,=,0.6039186862498764,http://purl.obolibrary.org/obo/FOODON_03542558,[],[],"[""owl:Class""]",false,false positive
food,ciqual-siren,./matcha_updated.tar.gz,[],[],"[""owl:Class""]",https://ico.iate.inra.fr/meatylab/origin_databases/2/foods/28800,=,0.6365735876473095,http://purl.obolibrary.org/obo/FOODON_03301114,[],[],"[""owl:Class""]",false,false positive
food,ciqual-siren,./matcha_updated.tar.gz,[],[],"[""owl:Class""]",https://ico.iate.inra.fr/meatylab/origin_databases/2/foods/11015,=,0.8485451377185175,http://purl.obolibrary.org/obo/FOODON_03317003,[],[],"[""owl:Class""]",false,false positive
food,ciqual-siren,./matcha_updated.tar.gz,[],[],"[""owl:Class""]",https://ico.iate.inra.fr/meatylab/origin_databases/2/foods/2024,=,0.6581018020694382,http://purl.obolibrary.org/obo/FOODON_00002087,[],[],"[""owl:Class""]",false,false positive
food,ciqual-siren,./matcha_updated.tar.gz,[],[],"[""owl:Class""]",https://ico.iate.inra.fr/meatylab/origin_databases/2/foods/20171,=,0.6641938589550819,http://purl.obolibrary.org/obo/FOODON_03401564,[],[],"[""owl:Class""]",false,false positive
food,ciqual-siren,./matcha_updated.tar.gz,[],[],"[""owl:Class""]",https://ico.iate.inra.fr/meatylab/origin_databases/2/foods/40115,=,0.8064154233838147,http://purl.obolibrary.org/obo/FOODON_03310837,[],[],"[""owl:Class""]",true,true positive
food,ciqual-siren,./matcha_updated.tar.gz,[],[],"[""owl:Class""]",https://ico.iate.inra.fr/meatylab/origin_databases/2/foods/13008,=,0.684176579143314,http://purl.obolibrary.org/obo/FOODON_03305150,[],[],"[""owl:Class""]",false,false positive
food,ciqual-siren,./matcha_updated.tar.gz,[],[],"[""owl:Class""]",https://ico.iate.inra.fr/meatylab/origin_databases/2/foods/9640,=,0.7092669431644335,http://purl.obolibrary.org/obo/FOODON_03540109,[],[],"[""owl:Class""]",false,false positive
food,ciqual-siren,./matcha_updated.tar.gz,[],[],"[""owl:Class""]",https://ico.iate.inra.fr/meatylab/origin_databases/2/foods/27023,=,0.7884046001943346,http://purl.obolibrary.org/obo/FOODON_03309161,[],[],"[""owl:Class""]",false,false positive
food,ciqual-siren,./matcha_updated.tar.gz,[],[],"[""owl:Class""]",https://ico.iate.inra.fr/meatylab/origin_databases/2/foods/20206,=,0.7319049484581918,http://purl.obolibrary.org/obo/FOODON_03301385,[],[],"[""owl:Class""]",false,false positive
food,ciqual-siren,./matcha_updated.tar.gz,[],[],"[""owl:Class""]",https://ico.iate.inra.fr/meatylab/origin_databases/2/foods/36310,=,0.7657726496990087,http://purl.obolibrary.org/obo/FOODON_03413547,[],[],"[""owl:Class""]",false,false positive
food,ciqual-siren,./matcha_updated.tar.gz,[],[],"[""owl:Class""]",https://ico.iate.inra.fr/meatylab/origin_databases/2/foods/10038,=,0.0,http://purl.obolibrary.org/obo/FOODON_03317218,[],[],"[""owl:Class""]",true,false negative
food,ciqual-siren,./matcha_updated.tar.gz,[],[],"[""owl:Class""]",https://ico.iate.inra.fr/meatylab/origin_databases/2/foods/26159,=,0.7836918513079157,http://purl.obolibrary.org/obo/FOODON_03412424,[],[],"[""owl:Class""]",false,false positive
food,ciqual-siren,./matcha_updated.tar.gz,[],[],"[""owl:Class""]",https://ico.iate.inra.fr/meatylab/origin_databases/2/foods/40108,=,0.0,http://purl.obolibrary.org/obo/FOODON_03301179,[],[],"[""owl:Class""]",true,false negative
food,ciqual-siren,./matcha_updated.tar.gz,[],[],"[""owl:Class""]",https://ico.iate.inra.fr/meatylab/origin_databases/2/foods/28002,=,0.0,http://purl.obolibrary.org/obo/FOODON_03302735,[],[],"[""owl:Class""]",true,false negative
food,ciqual-siren,./matcha_updated.tar.gz,[],[],"[""owl:Class""]",https://ico.iate.inra.fr/meatylab/origin_databases/2/foods/13045,=,0.8091443564105348,http://purl.obolibrary.org/obo/FOODON_03311298,[],[],"[""owl:Class""]",false,false positive
food,ciqual-siren,./matcha_updated.tar.gz,[],[],"[""owl:Class""]",https://ico.iate.inra.fr/meatylab/origin_databases/2/foods/26124,=,0.8072277929081872,http://purl.obolibrary.org/obo/FOODON_03308307,[],[],"[""owl:Class""]",false,false positive
food,ciqual-siren,./matcha_updated.tar.gz,[],[],"[""owl:Class""]",https://ico.iate.inra.fr/meatylab/origin_databases/2/foods/20053,=,0.7723825669140062,http://purl.obolibrary.org/obo/FOODON_03309709,[],[],"[""owl:Class""]",false,false positive
food,ciqual-siren,./matcha_updated.tar.gz,[],[],"[""owl:Class""]",https://ico.iate.inra.fr/meatylab/origin_databases/2/foods/28001,=,0.787477445773319,http://purl.obolibrary.org/obo/FOODON_03311007,[],[],"[""owl:Class""]",false,false positive
food,ciqual-siren,./matcha_updated.tar.gz,[],[],"[""owl:Class""]",https://ico.iate.inra.fr/meatylab/origin_databases/2/foods/14006,=,0.6123770321657344,http://purl.obolibrary.org/obo/FOODON_03306467,[],[],"[""owl:Class""]",false,false positive
food,ciqual-siren,./matcha_updated.tar.gz,[],[],"[""owl:Class""]",https://ico.iate.inra.fr/meatylab/origin_databases/2/foods/16400,=,0.6087440749562862,http://purl.obolibrary.org/obo/FOODON_03301777,[],[],"[""owl:Class""]",true,true positive
food,ciqual-siren,./matcha_updated.tar.gz,[],[],"[""owl:Class""]",https://ico.iate.inra.fr/meatylab/origin_databases/2/foods/20170,=,0.600691550710745,http://purl.obolibrary.org/obo/FOODON_03301457,[],[],"[""owl:Class""]",false,false positive
food,ciqual-siren,./matcha_updated.tar.gz,[],[],"[""owl:Class""]",https://ico.iate.inra.fr/meatylab/origin_databases/2/foods/13150,=,0.6600411992804525,http://purl.obolibrary.org/obo/FOODON_03305149,[],[],"[""owl:Class""]",false,false positive
food,ciqual-siren,./matcha_updated.tar.gz,[],[],"[""owl:Class""]",https://ico.iate.inra.fr/meatylab/origin_databases/2/foods/6271,=,0.0,http://purl.obolibrary.org/obo/FOODON_03311141,[],[],"[""owl:Class""]",true,false negative
food,ciqual-siren,./matcha_updated.tar.gz,[],[],"[""owl:Class""]",https://ico.iate.inra.fr/meatylab/origin_databases/2/foods/40402,=,0.8004316709139239,http://purl.obolibrary.org/obo/FOODON_03310590,[],[],"[""owl:Class""]",false,false positive
food,ciqual-siren,./matcha_updated.tar.gz,[],[],"[""owl:Class""]",https://ico.iate.inra.fr/meatylab/origin_databases/2/foods/18026,=,0.0,http://purl.obolibrary.org/obo/FOODON_03303889,[],[],"[""owl:Class""]",true,false negative
food,ciqual-siren,./matcha_updated.tar.gz,[],[],"[""owl:Class""]",https://ico.iate.inra.fr/meatylab/origin_databases/2/foods/13100,=,0.7773278080489265,http://purl.obolibrary.org/obo/FOODON_03301580,[],[],"[""owl:Class""]",false,false positive
food,ciqual-siren,./matcha_updated.tar.gz,[],[],"[""owl:Class""]",https://ico.iate.inra.fr/meatylab/origin_databases/2/foods/6903,=,0.0,http://purl.obolibrary.org/obo/FOODON_03306058,[],[],"[""owl:Class""]",true,false negative
food,ciqual-siren,./matcha_updated.tar.gz,[],[],"[""owl:Class""]",https://ico.iate.inra.fr/meatylab/origin_databases/2/foods/31017,=,0.0,http://purl.obolibrary.org/obo/FOODON_03420156,[],[],"[""owl:Class""]",true,false negative
food,ciqual-siren,./matcha_updated.tar.gz,[],[],"[""owl:Class""]",https://ico.iate.inra.fr/meatylab/origin_databases/2/foods/15010,=,0.8198840001409787,http://purl.obolibrary.org/obo/FOODON_03310306,[],[],"[""owl:Class""]",false,false positive
food,ciqual-siren,./matcha_updated.tar.gz,[],[],"[""owl:Class""]",https://ico.iate.inra.fr/meatylab/origin_databases/2/foods/15034,=,0.6028724724954919,http://purl.obolibrary.org/obo/FOODON_03309718,[],[],"[""owl:Class""]",false,false positive
food,ciqual-siren,./matcha_updated.tar.gz,[],[],"[""owl:Class""]",https://ico.iate.inra.fr/meatylab/origin_databases/2/foods/26044,=,0.753946525262141,http://purl.obolibrary.org/obo/FOODON_03413892,[],[],"[""owl:Class""]",false,false positive
food,ciqual-siren,./matcha_updated.tar.gz,[],[],"[""owl:Class""]",https://ico.iate.inra.fr/meatylab/origin_databases/2/foods/36600,=,0.6633905883823175,http://purl.obolibrary.org/obo/FOODON_03411304,[],[],"[""owl:Class""]",false,false positive
food,ciqual-siren,./matcha_updated.tar.gz,[],[],"[""owl:Class""]",https://ico.iate.inra.fr/meatylab/origin_databases/2/foods/20233,=,0.6994185349508224,http://purl.obolibrary.org/obo/FOODON_03311676,[],[],"[""owl:Class""]",false,false positive
food,ciqual-siren,./matcha_updated.tar.gz,[],[],"[""owl:Class""]",https://ico.iate.inra.fr/meatylab/origin_databases/2/foods/25621,=,0.6335449106122493,http://purl.obolibrary.org/obo/FOODON_03543899,[],[],"[""owl:Class""]",false,false positive
food,ciqual-siren,./matcha_updated.tar.gz,[],[],"[""owl:Class""]",https://ico.iate.inra.fr/meatylab/origin_databases/2/foods/20256,=,0.6293720584294528,http://purl.obolibrary.org/obo/FOODON_03311692,[],[],"[""owl:Class""]",false,false positive
food,ciqual-siren,./matcha_updated.tar.gz,[],[],"[""owl:Class""]",https://ico.iate.inra.fr/meatylab/origin_databases/2/foods/2023,=,0.6066133291422307,http://purl.obolibrary.org/obo/FOODON_03315213,[],[],"[""owl:Class""]",false,false positive
food,ciqual-siren,./matcha_updated.tar.gz,[],[],"[""owl:Class""]",https://ico.iate.inra.fr/meatylab/origin_databases/2/foods/20133,=,0.6352978517411669,http://purl.obolibrary.org/obo/FOODON_03411483,[],[],"[""owl:Class""]",false,false positive
food,ciqual-siren,./matcha_updated.tar.gz,[],[],"[""owl:Class""]",https://ico.iate.inra.fr/meatylab/origin_databases/2/foods/9540,=,0.7013330791074925,http://purl.obolibrary.org/obo/FOODON_03540071,[],[],"[""owl:Class""]",false,false positive
food,ciqual-siren,./matcha_updated.tar.gz,[],[],"[""owl:Class""]",https://ico.iate.inra.fr/meatylab/origin_databases/2/foods/20196,=,0.823346912449689,http://purl.obolibrary.org/obo/FOODON_03301370,[],[],"[""owl:Class""]",false,false positive
food,ciqual-siren,./matcha_updated.tar.gz,[],[],"[""owl:Class""]",https://ico.iate.inra.fr/meatylab/origin_databases/2/foods/26111,=,0.6928065222862484,http://purl.obolibrary.org/obo/FOODON_03413502,[],[],"[""owl:Class""]",false,false positive
food,ciqual-siren,./matcha_updated.tar.gz,[],[],"[""owl:Class""]",https://ico.iate.inra.fr/meatylab/origin_databases/2/foods/28300,=,0.0,http://purl.obolibrary.org/obo/FOODON_03302735,[],[],"[""owl:Class""]",true,false negative
food,ciqual-siren,./matcha_updated.tar.gz,[],[],"[""owl:Class""]",https://ico.iate.inra.fr/meatylab/origin_databases/2/foods/8305,=,0.7317043345079187,http://purl.obolibrary.org/obo/FOODON_03542197,[],[],"[""owl:Class""]",false,false positive
food,ciqual-siren,./matcha_updated.tar.gz,[],[],"[""owl:Class""]",https://ico.iate.inra.fr/meatylab/origin_databases/2/foods/16030,=,0.6862592159930719,http://purl.obolibrary.org/obo/FOODON_03543117,[],[],"[""owl:Class""]",false,false positive
food,ciqual-siren,./matcha_updated.tar.gz,[],[],"[""owl:Class""]",https://ico.iate.inra.fr/meatylab/origin_databases/2/foods/20208,=,0.6478882923189809,http://purl.obolibrary.org/obo/FOODON_03304759,[],[],"[""owl:Class""]",false,false positive
food,ciqual-siren,./matcha_updated.tar.gz,[],[],"[""owl:Class""]",https://ico.iate.inra.fr/meatylab/origin_databases/2/foods/8326,=,0.7474070961887211,http://purl.obolibrary.org/obo/FOODON_03542195,[],[],"[""owl:Class""]",false,false positive
food,ciqual-siren,./matcha_updated.tar.gz,[],[],"[""owl:Class""]",https://ico.iate.inra.fr/meatylab/origin_databases/2/foods/19054,=,0.7256707976368809,http://purl.obolibrary.org/obo/FOODON_03542727,[],[],"[""owl:Class""]",false,false positive
food,ciqual-siren,./matcha_updated.tar.gz,[],[],"[""owl:Class""]",https://ico.iate.inra.fr/meatylab/origin_databases/2/foods/13015,=,0.7705925974132376,http://purl.obolibrary.org/obo/FOODON_03307119,[],[],"[""owl:Class""]",false,false positive
food,ciqual-siren,./matcha_updated.tar.gz,[],[],"[""owl:Class""]",https://ico.iate.inra.fr/meatylab/origin_databases/2/foods/11088,=,0.8383113636786597,http://purl.obolibrary.org/obo/FOODON_03315872,[],[],"[""owl:Class""]",false,false positive
food,ciqual-siren,./matcha_updated.tar.gz,[],[],"[""owl:Class""]",https://ico.iate.inra.fr/meatylab/origin_databases/2/foods/20217,=,0.646494083631556,http://purl.obolibrary.org/obo/FOODON_03540383,[],[],"[""owl:Class""]",false,false positive
food,ciqual-siren,./matcha_updated.tar.gz,[],[],"[""owl:Class""]",https://ico.iate.inra.fr/meatylab/origin_databases/2/foods/20031,=,0.7530024508086897,http://purl.obolibrary.org/obo/FOODON_03301613,[],[],"[""owl:Class""]",false,false positive
food,ciqual-siren,./matcha_updated.tar.gz,[],[],"[""owl:Class""]",https://ico.iate.inra.fr/meatylab/origin_databases/2/foods/6111,=,0.6234854412142211,http://purl.obolibrary.org/obo/FOODON_03311468,[],[],"[""owl:Class""]",false,false positive
food,ciqual-siren,./matcha_updated.tar.gz,[],[],"[""owl:Class""]",https://ico.iate.inra.fr/meatylab/origin_databases/2/foods/20204,=,0.6515793610071607,http://purl.obolibrary.org/obo/FOODON_03301384,[],[],"[""owl:Class""]",false,false positive
food,ciqual-siren,./matcha_updated.tar.gz,[],[],"[""owl:Class""]",https://ico.iate.inra.fr/meatylab/origin_databases/2/foods/19865,=,0.7788674424167572,http://purl.obolibrary.org/obo/FOODON_03310290,[],[],"[""owl:Class""]",false,false positive
food,ciqual-siren,./matcha_updated.tar.gz,[],[],"[""owl:Class""]",https://ico.iate.inra.fr/meatylab/origin_databases/2/foods/36700,=,0.7797955978099194,http://purl.obolibrary.org/obo/FOODON_03411125,[],[],"[""owl:Class""]",false,false positive
food,ciqual-siren,./matcha_updated.tar.gz,[],[],"[""owl:Class""]",https://ico.iate.inra.fr/meatylab/origin_databases/2/foods/20173,=,0.7633092999381391,http://purl.obolibrary.org/obo/FOODON_03412466,[],[],"[""owl:Class""]",false,false positive
food,ciqual-siren,./matcha_updated.tar.gz,[],[],"[""owl:Class""]",https://ico.iate.inra.fr/meatylab/origin_databases/2/foods/30050,=,0.6196594521823106,http://purl.obolibrary.org/obo/FOODON_03317646,[],[],"[""owl:Class""]",false,false positive
