Track,Track Version,Matcher,Type,Macro Precision (P),Macro Recall (R),Residual Macro Recall (R+),Macro F1,Micro Precision (P),Micro Recall (R),Residual Micro Recall (R+),Micro F1,"# of TP","# of Residual TP","# of FP","# of FN","# of Correspondences",Total Runtime,Total Runtime (HH:MM:SS)
food,v2,./matcha_updated.tar.gz,ALL,0.06111111111111111,0.3013698630136986,0.3013698630136986,0.10161662817551963,0.06111111111111111,0.3013698630136986,0.3013698630136986,0.10161662817551963,22,22,338,51,360,47728286600,00:00:47
food,v2,./matcha_updated.tar.gz,CLASSES,0.06111111111111111,0.3013698630136986,0.3013698630136986,0.10161662817551963,0.06111111111111111,0.3013698630136986,0.3013698630136986,0.10161662817551963,22,22,338,51,360,-,-
food,v2,./matcha_updated.tar.gz,PROPERTIES,0.0,0.0,0.0,0.0,0.0,0.0,0.0,0.0,0,0,0,0,0,-,-
food,v2,./matcha_updated.tar.gz,INSTANCES,0.0,0.0,0.0,0.0,0.0,0.0,0.0,0.0,0,0,0,0,0,-,-
