Track,Track Version,Test Case,Matcher,Type,Precision (P),Recall (R),Residual Recall (R+),F1,"# of TP","# of FP","# of FN","# of Correspondences",Time,Time (HH:MM:SS)
food,v2,ciqual-siren,./logmap-melt-oaei-2021-web-latest.tar.gz,ALL,0.13333333333333333,0.0273972602739726,0.0273972602739726,0.045454545454545456,2,13,71,15,20835401100,00:00:20
food,v2,ciqual-siren,./logmap-melt-oaei-2021-web-latest.tar.gz,CLASSES,0.14285714285714285,0.0273972602739726,0.0273972602739726,0.04597701149425287,2,12,71,14,-,-
food,v2,ciqual-siren,./logmap-melt-oaei-2021-web-latest.tar.gz,PROPERTIES,0.0,0.0,0.0,0.0,0,1,0,1,-,-
food,v2,ciqual-siren,./logmap-melt-oaei-2021-web-latest.tar.gz,INSTANCES,0.0,0.0,0.0,0.0,0,0,0,0,-,-
