Type,Macro Precision (P),Macro Recall (R),Residual Macro Recall (R+),Macro F1,Micro Precision (P),Micro Recall (R),Residual Micro Recall (R+),Micro F1,"# of TP","# of Residual TP","# of FP","# of FN","# of Correspondences",Total Runtime,Total Runtime (HH:MM:SS)
ALL,0.0,0.0,0.0,0.0,0.0,0.0,0.0,0.0,0,0,360,178,360,49161400100,00:00:49
CLASSES,0.0,0.0,0.0,0.0,0.0,0.0,0.0,0.0,0,0,360,178,360,-,-
PROPERTIES,0.0,0.0,0.0,0.0,0.0,0.0,0.0,0.0,0,0,0,0,0,-,-
INSTANCES,0.0,0.0,0.0,0.0,0.0,0.0,0.0,0.0,0,0,0,0,0,-,-
