Track,TestCase,Matcher,Label Left,Comment Left,Type Left,URI Left,Relation,Confidence (Matcher),URI Right,Label Right,Comment Right,Type Right,Residual True Positive,Evaluation Result
food,ciqual-siren,./logmap-melt-oaei-2021-web-latest.tar.gz,[],[],"[""owl:Class""]",https://ico.iate.inra.fr/meatylab/origin_databases/2/foods/9060,<,0.0,http://purl.obolibrary.org/obo/FOODON_00001141,[],[],"[""owl:Class""]",true,false negative
food,ciqual-siren,./logmap-melt-oaei-2021-web-latest.tar.gz,[],[],"[""owl:Class""]",https://ico.iate.inra.fr/meatylab/origin_databases/2/foods/19202,<,0.0,http://purl.obolibrary.org/obo/FOODON_00001911,[],[],"[""owl:Class""]",true,false negative
food,ciqual-siren,./logmap-melt-oaei-2021-web-latest.tar.gz,[],[],"[""owl:Class""]",https://ico.iate.inra.fr/meatylab/origin_databases/2/foods/2375,<,0.0,http://purl.obolibrary.org/obo/FOODON_00001872,[],[],"[""owl:Class""]",true,false negative
food,ciqual-siren,./logmap-melt-oaei-2021-web-latest.tar.gz,[],[],"[""owl:Class""]",https://ico.iate.inra.fr/meatylab/origin_databases/2/foods/6540,<,0.0,http://purl.obolibrary.org/obo/FOODON_00001678,[],[],"[""owl:Class""]",true,false negative
food,ciqual-siren,./logmap-melt-oaei-2021-web-latest.tar.gz,[],[],"[""owl:Class""]",https://ico.iate.inra.fr/meatylab/origin_databases/2/foods/25998,<,0.0,http://purl.obolibrary.org/obo/FOODON_00001622,[],[],"[""owl:Class""]",true,false negative
food,ciqual-siren,./logmap-melt-oaei-2021-web-latest.tar.gz,[],[],"[""owl:Class""]",https://ico.iate.inra.fr/meatylab/origin_databases/2/foods/6103,<,0.0,http://purl.obolibrary.org/obo/FOODON_00001041,[],[],"[""owl:Class""]",true,false negative
food,ciqual-siren,./logmap-melt-oaei-2021-web-latest.tar.gz,[],[],"[""owl:Class""]",https://ico.iate.inra.fr/meatylab/origin_databases/2/foods/14005,<,0.0,http://purl.obolibrary.org/obo/FOODON_00001805,[],[],"[""owl:Class""]",true,false negative
food,ciqual-siren,./logmap-melt-oaei-2021-web-latest.tar.gz,[],[],"[""owl:Class""]",https://ico.iate.inra.fr/meatylab/origin_databases/2/foods/21514,<,0.0,http://purl.obolibrary.org/obo/FOODON_00001992,[],[],"[""owl:Class""]",true,false negative
food,ciqual-siren,./logmap-melt-oaei-2021-web-latest.tar.gz,[],[],"[""owl:Class""]",https://ico.iate.inra.fr/meatylab/origin_databases/2/foods/28400,<,0.0,http://purl.obolibrary.org/obo/FOODON_00002303,[],[],"[""owl:Class""]",true,false negative
food,ciqual-siren,./logmap-melt-oaei-2021-web-latest.tar.gz,[],[],"[""owl:Class""]",https://ico.iate.inra.fr/meatylab/origin_databases/2/foods/31077,=,0.7,http://purl.obolibrary.org/obo/CHEBI_28757,[],[],"[""owl:Class""]",false,false positive
food,ciqual-siren,./logmap-melt-oaei-2021-web-latest.tar.gz,[],[],"[""owl:Class""]",https://ico.iate.inra.fr/meatylab/origin_databases/2/foods/9010,<,0.0,http://purl.obolibrary.org/obo/FOODON_00001141,[],[],"[""owl:Class""]",true,false negative
food,ciqual-siren,./logmap-melt-oaei-2021-web-latest.tar.gz,[],[],"[""owl:Class""]",https://ico.iate.inra.fr/meatylab/origin_databases/2/foods/20904,<,0.0,http://purl.obolibrary.org/obo/FOODON_03309664,[],[],"[""owl:Class""]",true,false negative
food,ciqual-siren,./logmap-melt-oaei-2021-web-latest.tar.gz,[],[],"[""owl:Class""]",https://ico.iate.inra.fr/meatylab/origin_databases/2/foods/16402,<,0.0,http://purl.obolibrary.org/obo/FOODON_00001772,[],[],"[""owl:Class""]",true,false negative
food,ciqual-siren,./logmap-melt-oaei-2021-web-latest.tar.gz,[],[],"[""owl:Class""]",https://ico.iate.inra.fr/meatylab/origin_databases/2/foods/9691,<,0.0,http://purl.obolibrary.org/obo/FOODON_00001141,[],[],"[""owl:Class""]",true,false negative
food,ciqual-siren,./logmap-melt-oaei-2021-web-latest.tar.gz,[],[],"[""owl:Class""]",https://ico.iate.inra.fr/meatylab/origin_databases/2/foods/18026,<,0.0,http://purl.obolibrary.org/obo/FOODON_00002340,[],[],"[""owl:Class""]",true,false negative
food,ciqual-siren,./logmap-melt-oaei-2021-web-latest.tar.gz,[],[],"[""owl:Class""]",https://ico.iate.inra.fr/meatylab/origin_databases/2/foods/40108,<,0.0,http://purl.obolibrary.org/obo/FOODON_03310611,[],[],"[""owl:Class""]",true,false negative
food,ciqual-siren,./logmap-melt-oaei-2021-web-latest.tar.gz,[],[],"[""owl:Class""]",https://ico.iate.inra.fr/meatylab/origin_databases/2/foods/20536,<,0.0,http://purl.obolibrary.org/obo/FOODON_00001665,[],[],"[""owl:Class""]",true,false negative
food,ciqual-siren,./logmap-melt-oaei-2021-web-latest.tar.gz,[],[],"[""owl:Class""]",https://ico.iate.inra.fr/meatylab/origin_databases/2/foods/26008,<,0.0,http://purl.obolibrary.org/obo/FOODON_00001941,[],[],"[""owl:Class""]",true,false negative
food,ciqual-siren,./logmap-melt-oaei-2021-web-latest.tar.gz,[],[],"[""owl:Class""]",https://ico.iate.inra.fr/meatylab/origin_databases/2/foods/30746,<,0.0,http://purl.obolibrary.org/obo/FOODON_00001006,[],[],"[""owl:Class""]",true,false negative
food,ciqual-siren,./logmap-melt-oaei-2021-web-latest.tar.gz,[],[],"[""owl:Class""]",https://ico.iate.inra.fr/meatylab/origin_databases/2/foods/40053,<,0.0,http://purl.obolibrary.org/obo/FOODON_00001041,[],[],"[""owl:Class""]",true,false negative
food,ciqual-siren,./logmap-melt-oaei-2021-web-latest.tar.gz,[],[],"[""owl:Class""]",https://ico.iate.inra.fr/meatylab/origin_databases/2/foods/31016,<,0.0,http://purl.obolibrary.org/obo/FOODON_03301073,[],[],"[""owl:Class""]",true,false negative
food,ciqual-siren,./logmap-melt-oaei-2021-web-latest.tar.gz,[],[],"[""owl:Class""]",https://ico.iate.inra.fr/meatylab/origin_databases/2/foods/36306,<,0.0,http://purl.obolibrary.org/obo/FOODON_00001286,[],[],"[""owl:Class""]",true,false negative
food,ciqual-siren,./logmap-melt-oaei-2021-web-latest.tar.gz,[],[],"[""owl:Class""]",https://ico.iate.inra.fr/meatylab/origin_databases/2/foods/31017,=,0.7,http://purl.obolibrary.org/obo/FOODON_03420156,[],[],"[""owl:Class""]",false,false positive
food,ciqual-siren,./logmap-melt-oaei-2021-web-latest.tar.gz,[],[],"[""owl:Class""]",https://ico.iate.inra.fr/meatylab/origin_databases/2/foods/26036,<,0.0,http://purl.obolibrary.org/obo/FOODON_00001623,[],[],"[""owl:Class""]",true,false negative
food,ciqual-siren,./logmap-melt-oaei-2021-web-latest.tar.gz,[],[],"[""owl:Class""]",https://ico.iate.inra.fr/meatylab/origin_databases/2/foods/30125,<,0.0,http://purl.obolibrary.org/obo/FOODON_00001222,[],[],"[""owl:Class""]",true,false negative
food,ciqual-siren,./logmap-melt-oaei-2021-web-latest.tar.gz,[],[],"[""owl:Class""]",https://ico.iate.inra.fr/meatylab/origin_databases/2/foods/36310,<,0.0,http://purl.obolibrary.org/obo/FOODON_00001286,[],[],"[""owl:Class""]",true,false negative
food,ciqual-siren,./logmap-melt-oaei-2021-web-latest.tar.gz,[],[],"[""owl:Class""]",https://ico.iate.inra.fr/meatylab/origin_databases/2/foods/14006,<,0.0,http://purl.obolibrary.org/obo/FOODON_00001805,[],[],"[""owl:Class""]",true,false negative
food,ciqual-siren,./logmap-melt-oaei-2021-web-latest.tar.gz,[],[],"[""owl:Class""]",https://ico.iate.inra.fr/meatylab/origin_databases/2/foods/36305,<,0.0,http://purl.obolibrary.org/obo/FOODON_00001286,[],[],"[""owl:Class""]",true,false negative
food,ciqual-siren,./logmap-melt-oaei-2021-web-latest.tar.gz,[],[],"[""owl:Class""]",https://ico.iate.inra.fr/meatylab/origin_databases/2/foods/13042,=,0.7,http://purl.obolibrary.org/obo/FOODON_03411207,[],[],"[""owl:Class""]",false,false positive
food,ciqual-siren,./logmap-melt-oaei-2021-web-latest.tar.gz,[],[],"[""owl:Class""]",https://ico.iate.inra.fr/meatylab/origin_databases/2/foods/20084,<,0.0,http://purl.obolibrary.org/obo/FOODON_00000075,[],[],"[""owl:Class""]",true,false negative
food,ciqual-siren,./logmap-melt-oaei-2021-web-latest.tar.gz,[],[],"[""owl:Class""]",https://ico.iate.inra.fr/meatylab/origin_databases/2/foods/20505,<,0.0,http://purl.obolibrary.org/obo/FOODON_00001195,[],[],"[""owl:Class""]",true,false negative
food,ciqual-siren,./logmap-melt-oaei-2021-web-latest.tar.gz,[],[],"[""owl:Class""]",https://ico.iate.inra.fr/meatylab/origin_databases/2/foods/40055,<,0.0,http://purl.obolibrary.org/obo/FOODON_00001286,[],[],"[""owl:Class""]",true,false negative
food,ciqual-siren,./logmap-melt-oaei-2021-web-latest.tar.gz,[],[],"[""owl:Class""]",https://ico.iate.inra.fr/meatylab/origin_databases/2/foods/40600,<,0.0,http://purl.obolibrary.org/obo/FOODON_00001041,[],[],"[""owl:Class""]",true,false negative
food,ciqual-siren,./logmap-melt-oaei-2021-web-latest.tar.gz,[],[],"[""owl:Class""]",https://ico.iate.inra.fr/meatylab/origin_databases/2/foods/6206,<,0.0,http://purl.obolibrary.org/obo/FOODON_00001041,[],[],"[""owl:Class""]",true,false negative
food,ciqual-siren,./logmap-melt-oaei-2021-web-latest.tar.gz,[],[],"[""owl:Class""]",https://ico.iate.inra.fr/meatylab/origin_databases/2/foods/20169,<,0.0,http://purl.obolibrary.org/obo/FOODON_00002318,[],[],"[""owl:Class""]",true,false negative
food,ciqual-siren,./logmap-melt-oaei-2021-web-latest.tar.gz,[],[],"[""owl:Class""]",https://ico.iate.inra.fr/meatylab/origin_databases/2/foods/21504,<,0.0,http://purl.obolibrary.org/obo/FOODON_00001992,[],[],"[""owl:Class""]",true,false negative
food,ciqual-siren,./logmap-melt-oaei-2021-web-latest.tar.gz,[],[],"[""owl:Class""]",https://ico.iate.inra.fr/meatylab/origin_databases/2/foods/40115,<,0.0,http://purl.obolibrary.org/obo/FOODON_00001286,[],[],"[""owl:Class""]",true,false negative
food,ciqual-siren,./logmap-melt-oaei-2021-web-latest.tar.gz,[],[],"[""owl:Class""]",https://ico.iate.inra.fr/meatylab/origin_databases/2/foods/2013,<,0.0,http://purl.obolibrary.org/obo/FOODON_00001100,[],[],"[""owl:Class""]",true,false negative
food,ciqual-siren,./logmap-melt-oaei-2021-web-latest.tar.gz,[],[],"[""owl:Class""]",https://ico.iate.inra.fr/meatylab/origin_databases/2/foods/28906,<,0.0,http://purl.obolibrary.org/obo/FOODON_00002303,[],[],"[""owl:Class""]",true,false negative
food,ciqual-siren,./logmap-melt-oaei-2021-web-latest.tar.gz,[],[],"[""owl:Class""]",https://ico.iate.inra.fr/meatylab/origin_databases/2/foods/40002,<,0.0,http://purl.obolibrary.org/obo/FOODON_00001992,[],[],"[""owl:Class""]",true,false negative
food,ciqual-siren,./logmap-melt-oaei-2021-web-latest.tar.gz,[],[],"[""owl:Class""]",https://ico.iate.inra.fr/meatylab/origin_databases/2/foods/6256,<,0.0,http://purl.obolibrary.org/obo/FOODON_00001041,[],[],"[""owl:Class""]",true,false negative
food,ciqual-siren,./logmap-melt-oaei-2021-web-latest.tar.gz,[],[],"[""owl:Class""]",https://ico.iate.inra.fr/meatylab/origin_databases/2/foods/40052,<,0.0,http://purl.obolibrary.org/obo/FOODON_00001041,[],[],"[""owl:Class""]",true,false negative
food,ciqual-siren,./logmap-melt-oaei-2021-web-latest.tar.gz,[],[],"[""owl:Class""]",https://ico.iate.inra.fr/meatylab/origin_databases/2/foods/6131,<,0.0,http://purl.obolibrary.org/obo/FOODON_00001041,[],[],"[""owl:Class""]",true,false negative
food,ciqual-siren,./logmap-melt-oaei-2021-web-latest.tar.gz,[],[],"[""owl:Class""]",https://ico.iate.inra.fr/meatylab/origin_databases/2/foods/26030,<,0.0,http://purl.obolibrary.org/obo/FOODON_03315173,[],[],"[""owl:Class""]",true,false negative
food,ciqual-siren,./logmap-melt-oaei-2021-web-latest.tar.gz,[],[],"[""owl:Class""]",https://ico.iate.inra.fr/meatylab/origin_databases/2/foods/21513,<,0.0,http://purl.obolibrary.org/obo/FOODON_00001992,[],[],"[""owl:Class""]",true,false negative
food,ciqual-siren,./logmap-melt-oaei-2021-web-latest.tar.gz,[],[],"[""owl:Class""]",https://ico.iate.inra.fr/meatylab/origin_databases/2/foods/8552,<,0.0,http://purl.obolibrary.org/obo/FOODON_00002303,[],[],"[""owl:Class""]",true,false negative
food,ciqual-siren,./logmap-melt-oaei-2021-web-latest.tar.gz,[],[],"[""owl:Class""]",https://ico.iate.inra.fr/meatylab/origin_databases/2/foods/40119,<,0.0,http://purl.obolibrary.org/obo/FOODON_00002303,[],[],"[""owl:Class""]",true,false negative
food,ciqual-siren,./logmap-melt-oaei-2021-web-latest.tar.gz,[],[],"[""owl:Class""]",https://ico.iate.inra.fr/meatylab/origin_databases/2/foods/36201,<,0.0,http://purl.obolibrary.org/obo/FOODON_00001284,[],[],"[""owl:Class""]",true,false negative
food,ciqual-siren,./logmap-melt-oaei-2021-web-latest.tar.gz,[],[],"[""owl:Class""]",https://ico.iate.inra.fr/meatylab/origin_databases/2/foods/6250,<,0.0,http://purl.obolibrary.org/obo/FOODON_00001041,[],[],"[""owl:Class""]",true,false negative
food,ciqual-siren,./logmap-melt-oaei-2021-web-latest.tar.gz,[],[],"[""owl:Class""]",https://ico.iate.inra.fr/meatylab/origin_databases/2/foods/6905,<,0.0,http://purl.obolibrary.org/obo/FOODON_00001952,[],[],"[""owl:Class""]",true,false negative
food,ciqual-siren,./logmap-melt-oaei-2021-web-latest.tar.gz,[],[],"[""owl:Class""]",https://ico.iate.inra.fr/meatylab/origin_databases/2/foods/40111,<,0.0,http://purl.obolibrary.org/obo/FOODON_00001040,[],[],"[""owl:Class""]",true,false negative
food,ciqual-siren,./logmap-melt-oaei-2021-web-latest.tar.gz,[],[],"[""owl:Class""]",https://ico.iate.inra.fr/meatylab/origin_databases/2/foods/36301,<,0.0,http://purl.obolibrary.org/obo/FOODON_00001286,[],[],"[""owl:Class""]",true,false negative
food,ciqual-siren,./logmap-melt-oaei-2021-web-latest.tar.gz,[],[],"[""owl:Class""]",https://ico.iate.inra.fr/meatylab/origin_databases/2/foods/34001,<,0.0,http://purl.obolibrary.org/obo/FOODON_00002183,[],[],"[""owl:Class""]",true,false negative
food,ciqual-siren,./logmap-melt-oaei-2021-web-latest.tar.gz,[],[],"[""owl:Class""]",https://ico.iate.inra.fr/meatylab/origin_databases/2/foods/11013,=,0.7,http://purl.obolibrary.org/obo/FOODON_03412069,[],[],"[""owl:Class""]",false,false positive
food,ciqual-siren,./logmap-melt-oaei-2021-web-latest.tar.gz,[],[],"[""owl:Class""]",https://ico.iate.inra.fr/meatylab/origin_databases/2/foods/6202,<,0.0,http://purl.obolibrary.org/obo/FOODON_00001041,[],[],"[""owl:Class""]",true,false negative
food,ciqual-siren,./logmap-melt-oaei-2021-web-latest.tar.gz,[],[],"[""owl:Class""]",https://ico.iate.inra.fr/meatylab/origin_databases/2/foods/28858,<,0.0,http://purl.obolibrary.org/obo/FOODON_00002301,[],[],"[""owl:Class""]",true,false negative
food,ciqual-siren,./logmap-melt-oaei-2021-web-latest.tar.gz,[],[],"[""owl:Class""]",https://ico.iate.inra.fr/meatylab/origin_databases/2/foods/30150,<,0.0,http://purl.obolibrary.org/obo/FOODON_00001222,[],[],"[""owl:Class""]",true,false negative
food,ciqual-siren,./logmap-melt-oaei-2021-web-latest.tar.gz,[],[],"[""owl:Class""]",https://ico.iate.inra.fr/meatylab/origin_databases/2/foods/40054,<,0.0,http://purl.obolibrary.org/obo/FOODON_00001040,[],[],"[""owl:Class""]",true,false negative
food,ciqual-siren,./logmap-melt-oaei-2021-web-latest.tar.gz,[],[],"[""owl:Class""]",https://ico.iate.inra.fr/meatylab/origin_databases/2/foods/6252,<,0.0,http://purl.obolibrary.org/obo/FOODON_00001041,[],[],"[""owl:Class""]",true,false negative
food,ciqual-siren,./logmap-melt-oaei-2021-web-latest.tar.gz,[],[],"[""owl:Class""]",https://ico.iate.inra.fr/meatylab/origin_databases/2/foods/40120,<,0.0,http://purl.obolibrary.org/obo/FOODON_00001285,[],[],"[""owl:Class""]",true,false negative
food,ciqual-siren,./logmap-melt-oaei-2021-web-latest.tar.gz,[],[],"[""owl:Class""]",https://ico.iate.inra.fr/meatylab/origin_databases/2/foods/21505,<,0.0,http://purl.obolibrary.org/obo/FOODON_00001992,[],[],"[""owl:Class""]",true,false negative
food,ciqual-siren,./logmap-melt-oaei-2021-web-latest.tar.gz,[],[],"[""owl:Class""]",https://ico.iate.inra.fr/meatylab/origin_databases/2/foods/10038,<,0.0,http://purl.obolibrary.org/obo/FOODON_03301673,[],[],"[""owl:Class""]",true,false negative
food,ciqual-siren,./logmap-melt-oaei-2021-web-latest.tar.gz,[],[],"[""owl:Class""]",https://ico.iate.inra.fr/meatylab/origin_databases/2/foods/28101,<,0.0,http://purl.obolibrary.org/obo/FOODON_00001049,[],[],"[""owl:Class""]",true,false negative
food,ciqual-siren,./logmap-melt-oaei-2021-web-latest.tar.gz,[],[],"[""owl:Class""]",https://ico.iate.inra.fr/meatylab/origin_databases/2/foods/19024,<,0.0,http://purl.obolibrary.org/obo/FOODON_03302116,[],[],"[""owl:Class""]",true,false negative
food,ciqual-siren,./logmap-melt-oaei-2021-web-latest.tar.gz,[],[],"[""owl:Class""]",https://ico.iate.inra.fr/meatylab/origin_databases/2/foods/28725,<,0.0,http://purl.obolibrary.org/obo/FOODON_00002303,[],[],"[""owl:Class""]",true,false negative
food,ciqual-siren,./logmap-melt-oaei-2021-web-latest.tar.gz,[],[],"[""owl:Class""]",https://ico.iate.inra.fr/meatylab/origin_databases/2/foods/6901,<,0.0,http://purl.obolibrary.org/obo/FOODON_00001952,[],[],"[""owl:Class""]",true,false negative
food,ciqual-siren,./logmap-melt-oaei-2021-web-latest.tar.gz,[],[],"[""owl:Class""]",https://ico.iate.inra.fr/meatylab/origin_databases/2/foods/40104,<,0.0,http://purl.obolibrary.org/obo/FOODON_00001678,[],[],"[""owl:Class""]",true,false negative
food,ciqual-siren,./logmap-melt-oaei-2021-web-latest.tar.gz,[],[],"[""owl:Class""]",https://ico.iate.inra.fr/meatylab/origin_databases/2/foods/40060,<,0.0,http://purl.obolibrary.org/obo/FOODON_00002303,[],[],"[""owl:Class""]",true,false negative
food,ciqual-siren,./logmap-melt-oaei-2021-web-latest.tar.gz,[],[],"[""owl:Class""]",https://ico.iate.inra.fr/meatylab/origin_databases/2/foods/6140,<,0.0,http://purl.obolibrary.org/obo/FOODON_00001041,[],[],"[""owl:Class""]",true,false negative
food,ciqual-siren,./logmap-melt-oaei-2021-web-latest.tar.gz,[],[],"[""owl:Class""]",https://ico.iate.inra.fr/meatylab/origin_databases/2/foods/28929,<,0.0,http://purl.obolibrary.org/obo/FOODON_00002167,[],[],"[""owl:Class""]",true,false negative
food,ciqual-siren,./logmap-melt-oaei-2021-web-latest.tar.gz,[],[],"[""owl:Class""]",https://ico.iate.inra.fr/meatylab/origin_databases/2/foods/40007,<,0.0,http://purl.obolibrary.org/obo/FOODON_00001678,[],[],"[""owl:Class""]",true,false negative
food,ciqual-siren,./logmap-melt-oaei-2021-web-latest.tar.gz,[],[],"[""owl:Class""]",https://ico.iate.inra.fr/meatylab/origin_databases/2/foods/40202,<,0.0,http://purl.obolibrary.org/obo/FOODON_00001041,[],[],"[""owl:Class""]",true,false negative
food,ciqual-siren,./logmap-melt-oaei-2021-web-latest.tar.gz,[],[],"[""owl:Class""]",https://ico.iate.inra.fr/meatylab/origin_databases/2/foods/21512,<,0.0,http://purl.obolibrary.org/obo/FOODON_00001992,[],[],"[""owl:Class""]",true,false negative
food,ciqual-siren,./logmap-melt-oaei-2021-web-latest.tar.gz,[],[],"[""owl:Class""]",https://ico.iate.inra.fr/meatylab/origin_databases/2/foods/25033,<,0.0,http://purl.obolibrary.org/obo/FOODON_00001698,[],[],"[""owl:Class""]",true,false negative
food,ciqual-siren,./logmap-melt-oaei-2021-web-latest.tar.gz,[],[],"[""owl:Class""]",https://ico.iate.inra.fr/meatylab/origin_databases/2/foods/26043,<,0.0,http://purl.obolibrary.org/obo/FOODON_00001750,[],[],"[""owl:Class""]",true,false negative
food,ciqual-siren,./logmap-melt-oaei-2021-web-latest.tar.gz,[],[],"[""owl:Class""]",https://ico.iate.inra.fr/meatylab/origin_databases/2/foods/28002,<,0.0,http://purl.obolibrary.org/obo/FOODON_00002303,[],[],"[""owl:Class""]",true,false negative
food,ciqual-siren,./logmap-melt-oaei-2021-web-latest.tar.gz,[],[],"[""owl:Class""]",https://ico.iate.inra.fr/meatylab/origin_databases/2/foods/36205,<,0.0,http://purl.obolibrary.org/obo/FOODON_00001284,[],[],"[""owl:Class""]",true,false negative
food,ciqual-siren,./logmap-melt-oaei-2021-web-latest.tar.gz,[],[],"[""owl:Class""]",https://ico.iate.inra.fr/meatylab/origin_databases/2/foods/14007,<,0.0,http://purl.obolibrary.org/obo/FOODON_00001805,[],[],"[""owl:Class""]",true,false negative
food,ciqual-siren,./logmap-melt-oaei-2021-web-latest.tar.gz,[],[],"[""owl:Class""]",https://ico.iate.inra.fr/meatylab/origin_databases/2/foods/17640,=,0.7,http://purl.obolibrary.org/obo/FOODON_03411966,[],[],"[""owl:Class""]",false,false positive
food,ciqual-siren,./logmap-melt-oaei-2021-web-latest.tar.gz,[],[],"[""owl:Class""]",https://ico.iate.inra.fr/meatylab/origin_databases/2/foods/8120,<,0.0,http://purl.obolibrary.org/obo/FOODON_00002165,[],[],"[""owl:Class""]",true,false negative
food,ciqual-siren,./logmap-melt-oaei-2021-web-latest.tar.gz,[],[],"[""owl:Class""]",https://ico.iate.inra.fr/meatylab/origin_databases/2/foods/6102,<,0.0,http://purl.obolibrary.org/obo/FOODON_00001041,[],[],"[""owl:Class""]",true,false negative
food,ciqual-siren,./logmap-melt-oaei-2021-web-latest.tar.gz,[],[],"[""owl:Class""]",https://ico.iate.inra.fr/meatylab/origin_databases/2/foods/28201,<,0.0,http://purl.obolibrary.org/obo/FOODON_00002303,[],[],"[""owl:Class""]",true,false negative
food,ciqual-siren,./logmap-melt-oaei-2021-web-latest.tar.gz,[],[],"[""owl:Class""]",https://ico.iate.inra.fr/meatylab/origin_databases/2/foods/28300,<,0.0,http://purl.obolibrary.org/obo/FOODON_00002303,[],[],"[""owl:Class""]",true,false negative
food,ciqual-siren,./logmap-melt-oaei-2021-web-latest.tar.gz,[],[],"[""owl:Class""]",https://ico.iate.inra.fr/meatylab/origin_databases/2/foods/6201,<,0.0,http://purl.obolibrary.org/obo/FOODON_00001041,[],[],"[""owl:Class""]",true,false negative
food,ciqual-siren,./logmap-melt-oaei-2021-web-latest.tar.gz,[],[],"[""owl:Class""]",https://ico.iate.inra.fr/meatylab/origin_databases/2/foods/36206,<,0.0,http://purl.obolibrary.org/obo/FOODON_00001284,[],[],"[""owl:Class""]",true,false negative
food,ciqual-siren,./logmap-melt-oaei-2021-web-latest.tar.gz,[],[],"[""owl:Class""]",https://ico.iate.inra.fr/meatylab/origin_databases/2/foods/15001,=,0.7,http://purl.obolibrary.org/obo/FOODON_03411337,[],[],"[""owl:Class""]",false,false positive
food,ciqual-siren,./logmap-melt-oaei-2021-web-latest.tar.gz,[],[],"[""owl:Class""]",https://ico.iate.inra.fr/meatylab/origin_databases/2/foods/36300,<,0.0,http://purl.obolibrary.org/obo/FOODON_00001286,[],[],"[""owl:Class""]",true,false negative
food,ciqual-siren,./logmap-melt-oaei-2021-web-latest.tar.gz,[],[],"[""owl:Class""]",https://ico.iate.inra.fr/meatylab/origin_databases/2/foods/20532,<,0.0,http://purl.obolibrary.org/obo/FOODON_00001897,[],[],"[""owl:Class""]",true,false negative
food,ciqual-siren,./logmap-melt-oaei-2021-web-latest.tar.gz,[],[],"[""owl:Class""]",https://ico.iate.inra.fr/meatylab/origin_databases/2/foods/18001,<,0.0,http://purl.obolibrary.org/obo/FOODON_03310815,[],[],"[""owl:Class""]",true,false negative
food,ciqual-siren,./logmap-melt-oaei-2021-web-latest.tar.gz,[],[],"[""owl:Class""]",https://ico.iate.inra.fr/meatylab/origin_databases/2/foods/40062,<,0.0,http://purl.obolibrary.org/obo/FOODON_00001678,[],[],"[""owl:Class""]",true,false negative
food,ciqual-siren,./logmap-melt-oaei-2021-web-latest.tar.gz,[],[],"[""owl:Class""]",https://ico.iate.inra.fr/meatylab/origin_databases/2/foods/31016,=,0.7,http://purl.obolibrary.org/obo/FOODON_03420157,[],[],"[""owl:Class""]",false,false positive
food,ciqual-siren,./logmap-melt-oaei-2021-web-latest.tar.gz,[],[],"[""owl:Class""]",https://ico.iate.inra.fr/meatylab/origin_databases/2/foods/6130,<,0.0,http://purl.obolibrary.org/obo/FOODON_00001041,[],[],"[""owl:Class""]",true,false negative
food,ciqual-siren,./logmap-melt-oaei-2021-web-latest.tar.gz,[],[],"[""owl:Class""]",https://ico.iate.inra.fr/meatylab/origin_databases/2/foods/28720,<,0.0,http://purl.obolibrary.org/obo/FOODON_00002303,[],[],"[""owl:Class""]",true,false negative
food,ciqual-siren,./logmap-melt-oaei-2021-web-latest.tar.gz,[],[],"[""owl:Class""]",https://ico.iate.inra.fr/meatylab/origin_databases/2/foods/34002,<,0.0,http://purl.obolibrary.org/obo/FOODON_00002183,[],[],"[""owl:Class""]",true,false negative
food,ciqual-siren,./logmap-melt-oaei-2021-web-latest.tar.gz,[],[],"[""owl:Class""]",https://ico.iate.inra.fr/meatylab/origin_databases/2/foods/40006,<,0.0,http://purl.obolibrary.org/obo/FOODON_00001678,[],[],"[""owl:Class""]",true,false negative
food,ciqual-siren,./logmap-melt-oaei-2021-web-latest.tar.gz,[],[],"[""owl:Class""]",https://ico.iate.inra.fr/meatylab/origin_databases/2/foods/21518,<,0.0,http://purl.obolibrary.org/obo/FOODON_00001992,[],[],"[""owl:Class""]",true,false negative
food,ciqual-siren,./logmap-melt-oaei-2021-web-latest.tar.gz,[],[],"[""owl:Class""]",https://ico.iate.inra.fr/meatylab/origin_databases/2/foods/19049,<,0.0,http://purl.obolibrary.org/obo/FOODON_03301483,[],[],"[""owl:Class""]",true,false negative
food,ciqual-siren,./logmap-melt-oaei-2021-web-latest.tar.gz,[],[],"[""owl:Class""]",https://ico.iate.inra.fr/meatylab/origin_databases/2/foods/30315,<,0.0,http://purl.obolibrary.org/obo/FOODON_00002301,[],[],"[""owl:Class""]",true,false negative
food,ciqual-siren,./logmap-melt-oaei-2021-web-latest.tar.gz,[],[],"[""owl:Class""]",https://ico.iate.inra.fr/meatylab/origin_databases/2/foods/6212,<,0.0,http://purl.obolibrary.org/obo/FOODON_00001041,[],[],"[""owl:Class""]",true,false negative
food,ciqual-siren,./logmap-melt-oaei-2021-web-latest.tar.gz,[],[],"[""owl:Class""]",https://ico.iate.inra.fr/meatylab/origin_databases/2/foods/40003,<,0.0,http://purl.obolibrary.org/obo/FOODON_00001992,[],[],"[""owl:Class""]",true,false negative
food,ciqual-siren,./logmap-melt-oaei-2021-web-latest.tar.gz,[],[],"[""owl:Class""]",https://ico.iate.inra.fr/meatylab/origin_databases/2/foods/19041,<,0.0,http://purl.obolibrary.org/obo/FOODON_03302116,[],[],"[""owl:Class""]",true,false negative
food,ciqual-siren,./logmap-melt-oaei-2021-web-latest.tar.gz,[],[],"[""owl:Class""]",https://ico.iate.inra.fr/meatylab/origin_databases/2/foods/11174,<,0.0,http://purl.obolibrary.org/obo/FOODON_00002257,[],[],"[""owl:Class""]",true,false negative
food,ciqual-siren,./logmap-melt-oaei-2021-web-latest.tar.gz,[],[],"[""owl:Class""]",https://ico.iate.inra.fr/meatylab/origin_databases/2/foods/40004,<,0.0,http://purl.obolibrary.org/obo/FOODON_00002303,[],[],"[""owl:Class""]",true,false negative
food,ciqual-siren,./logmap-melt-oaei-2021-web-latest.tar.gz,[],[],"[""owl:Class""]",https://ico.iate.inra.fr/meatylab/origin_databases/2/foods/36307,<,0.0,http://purl.obolibrary.org/obo/FOODON_00001286,[],[],"[""owl:Class""]",true,false negative
food,ciqual-siren,./logmap-melt-oaei-2021-web-latest.tar.gz,[],[],"[""owl:Class""]",https://ico.iate.inra.fr/meatylab/origin_databases/2/foods/8391,<,0.0,http://purl.obolibrary.org/obo/FOODON_00001006,[],[],"[""owl:Class""]",true,false negative
food,ciqual-siren,./logmap-melt-oaei-2021-web-latest.tar.gz,[],[],"[""owl:Class""]",https://ico.iate.inra.fr/meatylab/origin_databases/2/foods/19200,<,0.0,http://purl.obolibrary.org/obo/FOODON_00001911,[],[],"[""owl:Class""]",true,false negative
food,ciqual-siren,./logmap-melt-oaei-2021-web-latest.tar.gz,[],[],"[""owl:Class""]",https://ico.iate.inra.fr/meatylab/origin_databases/2/foods/6900,<,0.0,http://purl.obolibrary.org/obo/FOODON_00001952,[],[],"[""owl:Class""]",true,false negative
food,ciqual-siren,./logmap-melt-oaei-2021-web-latest.tar.gz,[],[],"[""owl:Class""]",https://ico.iate.inra.fr/meatylab/origin_databases/2/foods/36050,<,0.0,http://purl.obolibrary.org/obo/FOODON_00001040,[],[],"[""owl:Class""]",true,false negative
food,ciqual-siren,./logmap-melt-oaei-2021-web-latest.tar.gz,[],[],"[""owl:Class""]",https://ico.iate.inra.fr/meatylab/origin_databases/2/foods/6141,<,0.0,http://purl.obolibrary.org/obo/FOODON_00001041,[],[],"[""owl:Class""]",true,false negative
food,ciqual-siren,./logmap-melt-oaei-2021-web-latest.tar.gz,[],[],"[""owl:Class""]",https://ico.iate.inra.fr/meatylab/origin_databases/2/foods/6111,<,0.0,http://purl.obolibrary.org/obo/FOODON_00001041,[],[],"[""owl:Class""]",true,false negative
food,ciqual-siren,./logmap-melt-oaei-2021-web-latest.tar.gz,[],[],"[""owl:Class""]",https://ico.iate.inra.fr/meatylab/origin_databases/2/foods/6270,<,0.0,http://purl.obolibrary.org/obo/FOODON_00001041,[],[],"[""owl:Class""]",true,false negative
food,ciqual-siren,./logmap-melt-oaei-2021-web-latest.tar.gz,[],[],"[""owl:Class""]",https://ico.iate.inra.fr/meatylab/origin_databases/2/foods/6231,<,0.0,http://purl.obolibrary.org/obo/FOODON_00001041,[],[],"[""owl:Class""]",true,false negative
food,ciqual-siren,./logmap-melt-oaei-2021-web-latest.tar.gz,[],[],"[""owl:Class""]",https://ico.iate.inra.fr/meatylab/origin_databases/2/foods/20009,<,0.0,http://purl.obolibrary.org/obo/FOODON_03309389,[],[],"[""owl:Class""]",true,false negative
food,ciqual-siren,./logmap-melt-oaei-2021-web-latest.tar.gz,[],[],"[""owl:Class""]",https://ico.iate.inra.fr/meatylab/origin_databases/2/foods/2371,<,0.0,http://purl.obolibrary.org/obo/FOODON_00002094,[],[],"[""owl:Class""]",true,false negative
food,ciqual-siren,./logmap-melt-oaei-2021-web-latest.tar.gz,[],[],"[""owl:Class""]",https://ico.iate.inra.fr/meatylab/origin_databases/2/foods/2012,<,0.0,http://purl.obolibrary.org/obo/FOODON_03305981,[],[],"[""owl:Class""]",true,false negative
food,ciqual-siren,./logmap-melt-oaei-2021-web-latest.tar.gz,[],[],"[""owl:Class""]",https://ico.iate.inra.fr/meatylab/origin_databases/2/foods/20047,<,0.0,http://purl.obolibrary.org/obo/FOODON_00002318,[],[],"[""owl:Class""]",true,false negative
food,ciqual-siren,./logmap-melt-oaei-2021-web-latest.tar.gz,[],[],"[""owl:Class""]",https://ico.iate.inra.fr/meatylab/origin_databases/2/foods/21500,<,0.0,http://purl.obolibrary.org/obo/FOODON_00001992,[],[],"[""owl:Class""]",true,false negative
food,ciqual-siren,./logmap-melt-oaei-2021-web-latest.tar.gz,[],[],"[""owl:Class""]",https://ico.iate.inra.fr/meatylab/origin_databases/2/foods/18018,<,0.0,http://purl.obolibrary.org/obo/FOODON_00002339,[],[],"[""owl:Class""]",true,false negative
food,ciqual-siren,./logmap-melt-oaei-2021-web-latest.tar.gz,[],[],"[""owl:Class""]",https://ico.iate.inra.fr/meatylab/origin_databases/2/foods/20072,<,0.0,http://purl.obolibrary.org/obo/FOODON_03301300,[],[],"[""owl:Class""]",true,false negative
food,ciqual-siren,./logmap-melt-oaei-2021-web-latest.tar.gz,[],[],"[""owl:Class""]",https://ico.iate.inra.fr/meatylab/origin_databases/2/foods/26011,<,0.0,http://purl.obolibrary.org/obo/FOODON_00001950,[],[],"[""owl:Class""]",true,false negative
food,ciqual-siren,./logmap-melt-oaei-2021-web-latest.tar.gz,[],[],"[""owl:Class""]",https://ico.iate.inra.fr/meatylab/origin_databases/2/foods/8703,<,0.0,http://purl.obolibrary.org/obo/FOODON_00002306,[],[],"[""owl:Class""]",true,false negative
food,ciqual-siren,./logmap-melt-oaei-2021-web-latest.tar.gz,[],[],"[""owl:Class""]",https://ico.iate.inra.fr/meatylab/origin_databases/2/foods/6122,<,0.0,http://purl.obolibrary.org/obo/FOODON_00001041,[],[],"[""owl:Class""]",true,false negative
food,ciqual-siren,./logmap-melt-oaei-2021-web-latest.tar.gz,[],[],"[""owl:Class""]",https://ico.iate.inra.fr/meatylab/origin_databases/2/foods/20521,<,0.0,http://purl.obolibrary.org/obo/FOODON_00001997,[],[],"[""owl:Class""]",true,false negative
food,ciqual-siren,./logmap-melt-oaei-2021-web-latest.tar.gz,[],[],"[""owl:Class""]",https://ico.iate.inra.fr/meatylab/origin_databases/2/foods/34003,<,0.0,http://purl.obolibrary.org/obo/FOODON_00002183,[],[],"[""owl:Class""]",true,false negative
food,ciqual-siren,./logmap-melt-oaei-2021-web-latest.tar.gz,[],[],"[""owl:Class""]",https://ico.iate.inra.fr/meatylab/origin_databases/2/foods/6002,<,0.0,http://purl.obolibrary.org/obo/FOODON_00001041,[],[],"[""owl:Class""]",true,false negative
food,ciqual-siren,./logmap-melt-oaei-2021-web-latest.tar.gz,[],[],"[""owl:Class""]",https://ico.iate.inra.fr/meatylab/origin_databases/2/foods/11007,<,0.0,http://purl.obolibrary.org/obo/FOODON_03315281,[],[],"[""owl:Class""]",true,false negative
food,ciqual-siren,./logmap-melt-oaei-2021-web-latest.tar.gz,[],[],"[""owl:Class""]",https://ico.iate.inra.fr/meatylab/origin_databases/2/foods/21517,<,0.0,http://purl.obolibrary.org/obo/FOODON_00001992,[],[],"[""owl:Class""]",true,false negative
food,ciqual-siren,./logmap-melt-oaei-2021-web-latest.tar.gz,[],[],"[""owl:Class""]",https://ico.iate.inra.fr/meatylab/origin_databases/2/foods/18005,<,0.0,http://purl.obolibrary.org/obo/FOODON_03315399,[],[],"[""owl:Class""]",true,false negative
food,ciqual-siren,./logmap-melt-oaei-2021-web-latest.tar.gz,[],[],"[""owl:Class""]",https://ico.iate.inra.fr/meatylab/origin_databases/2/foods/28925,<,0.0,http://purl.obolibrary.org/obo/FOODON_00002303,[],[],"[""owl:Class""]",true,false negative
food,ciqual-siren,./logmap-melt-oaei-2021-web-latest.tar.gz,[],[],"[""owl:Class""]",https://ico.iate.inra.fr/meatylab/origin_databases/2/foods/28202,<,0.0,http://purl.obolibrary.org/obo/FOODON_00002303,[],[],"[""owl:Class""]",true,false negative
food,ciqual-siren,./logmap-melt-oaei-2021-web-latest.tar.gz,[],[],"[""owl:Class""]",https://ico.iate.inra.fr/meatylab/origin_databases/2/foods/40106,<,0.0,http://purl.obolibrary.org/obo/FOODON_00001678,[],[],"[""owl:Class""]",true,false negative
food,ciqual-siren,./logmap-melt-oaei-2021-web-latest.tar.gz,[],[],"[""owl:Class""]",https://ico.iate.inra.fr/meatylab/origin_databases/2/foods/6909,<,0.0,http://purl.obolibrary.org/obo/FOODON_00001952,[],[],"[""owl:Class""]",true,false negative
food,ciqual-siren,./logmap-melt-oaei-2021-web-latest.tar.gz,[],[],"[""owl:Class""]",https://ico.iate.inra.fr/meatylab/origin_databases/2/foods/6254,<,0.0,http://purl.obolibrary.org/obo/FOODON_00001041,[],[],"[""owl:Class""]",true,false negative
food,ciqual-siren,./logmap-melt-oaei-2021-web-latest.tar.gz,[],[],"[""owl:Class""]",https://ico.iate.inra.fr/meatylab/origin_databases/2/foods/6150,<,0.0,http://purl.obolibrary.org/obo/FOODON_00001041,[],[],"[""owl:Class""]",true,false negative
food,ciqual-siren,./logmap-melt-oaei-2021-web-latest.tar.gz,[],[],"[""owl:Class""]",https://ico.iate.inra.fr/meatylab/origin_databases/2/foods/11048,=,0.7,http://purl.obolibrary.org/obo/FOODON_03411214,[],[],"[""owl:Class""]",false,false positive
food,ciqual-siren,./logmap-melt-oaei-2021-web-latest.tar.gz,[],[],"[""owl:Class""]",https://ico.iate.inra.fr/meatylab/origin_databases/2/foods/13004,<,0.0,http://purl.obolibrary.org/obo/FOODON_00001625,[],[],"[""owl:Class""]",true,false negative
food,ciqual-siren,./logmap-melt-oaei-2021-web-latest.tar.gz,[],[],"[""owl:Class""]",https://ico.iate.inra.fr/meatylab/origin_databases/2/foods/26047,<,0.0,http://purl.obolibrary.org/obo/FOODON_00002218,[],[],"[""owl:Class""]",true,false negative
food,ciqual-siren,./logmap-melt-oaei-2021-web-latest.tar.gz,[],[],"[""owl:Class""]",https://ico.iate.inra.fr/meatylab/origin_databases/2/foods/6151,<,0.0,http://purl.obolibrary.org/obo/FOODON_00001041,[],[],"[""owl:Class""]",true,false negative
food,ciqual-siren,./logmap-melt-oaei-2021-web-latest.tar.gz,[],[],"[""owl:Class""]",https://ico.iate.inra.fr/meatylab/origin_databases/2/foods/6112,<,0.0,http://purl.obolibrary.org/obo/FOODON_00001041,[],[],"[""owl:Class""]",true,false negative
food,ciqual-siren,./logmap-melt-oaei-2021-web-latest.tar.gz,[],[],"[""owl:Class""]",https://ico.iate.inra.fr/meatylab/origin_databases/2/foods/30700,<,0.0,http://purl.obolibrary.org/obo/FOODON_00002303,[],[],"[""owl:Class""]",true,false negative
food,ciqual-siren,./logmap-melt-oaei-2021-web-latest.tar.gz,[],[],"[""owl:Class""]",https://ico.iate.inra.fr/meatylab/origin_databases/2/foods/40005,<,0.0,http://purl.obolibrary.org/obo/FOODON_00002303,[],[],"[""owl:Class""]",true,false negative
food,ciqual-siren,./logmap-melt-oaei-2021-web-latest.tar.gz,[],[],"[""owl:Class""]",https://ico.iate.inra.fr/meatylab/origin_databases/2/foods/19050,<,0.0,http://purl.obolibrary.org/obo/FOODON_03301484,[],[],"[""owl:Class""]",true,false negative
food,ciqual-siren,./logmap-melt-oaei-2021-web-latest.tar.gz,[],[],"[""owl:Class""]",https://ico.iate.inra.fr/meatylab/origin_databases/2/foods/19127,<,0.0,http://purl.obolibrary.org/obo/FOODON_00001771,[],[],"[""owl:Class""]",true,false negative
food,ciqual-siren,./logmap-melt-oaei-2021-web-latest.tar.gz,[],[],"[""owl:Class""]",https://ico.iate.inra.fr/meatylab/origin_databases/2/foods/11039,=,0.7,http://purl.obolibrary.org/obo/FOODON_03411459,[],[],"[""owl:Class""]",false,false positive
food,ciqual-siren,./logmap-melt-oaei-2021-web-latest.tar.gz,[],[],"[""owl:Class""]",https://ico.iate.inra.fr/meatylab/origin_databases/2/foods/36204,<,0.0,http://purl.obolibrary.org/obo/FOODON_00001284,[],[],"[""owl:Class""]",true,false negative
food,ciqual-siren,./logmap-melt-oaei-2021-web-latest.tar.gz,[],[],"[""owl:Class""]",https://ico.iate.inra.fr/meatylab/origin_databases/2/foods/30350,<,0.0,http://purl.obolibrary.org/obo/FOODON_00001605,[],[],"[""owl:Class""]",true,false negative
food,ciqual-siren,./logmap-melt-oaei-2021-web-latest.tar.gz,[],[],"[""owl:Class""]",https://ico.iate.inra.fr/meatylab/origin_databases/2/foods/28802,<,0.0,http://purl.obolibrary.org/obo/FOODON_00002301,[],[],"[""owl:Class""]",true,false negative
food,ciqual-siren,./logmap-melt-oaei-2021-web-latest.tar.gz,[],[],"[""owl:Class""]",https://ico.iate.inra.fr/meatylab/origin_databases/2/foods/6123,<,0.0,http://purl.obolibrary.org/obo/FOODON_00001041,[],[],"[""owl:Class""]",true,false negative
food,ciqual-siren,./logmap-melt-oaei-2021-web-latest.tar.gz,[],[],"[""owl:Class""]",https://ico.iate.inra.fr/meatylab/origin_databases/2/foods/40121,<,0.0,http://purl.obolibrary.org/obo/FOODON_00001284,[],[],"[""owl:Class""]",true,false negative
food,ciqual-siren,./logmap-melt-oaei-2021-web-latest.tar.gz,[],[],"[""owl:Class""]",https://ico.iate.inra.fr/meatylab/origin_databases/2/foods/9330,=,0.7,http://purl.obolibrary.org/obo/FOODON_03412505,[],[],"[""owl:Class""]",false,false positive
food,ciqual-siren,./logmap-melt-oaei-2021-web-latest.tar.gz,[],[],"[""owl:Class""]",https://ico.iate.inra.fr/meatylab/origin_databases/2/foods/6001,<,0.0,http://purl.obolibrary.org/obo/FOODON_00001041,[],[],"[""owl:Class""]",true,false negative
food,ciqual-siren,./logmap-melt-oaei-2021-web-latest.tar.gz,[],[],"[""owl:Class""]",https://ico.iate.inra.fr/meatylab/origin_databases/2/foods/21516,<,0.0,http://purl.obolibrary.org/obo/FOODON_00001992,[],[],"[""owl:Class""]",true,false negative
food,ciqual-siren,./logmap-melt-oaei-2021-web-latest.tar.gz,[],[],"[""owl:ObjectProperty""]",https://ico.iate.inra.fr/meatylab#has_facet,=,1.0,http://test.org/has_facet,[],[],[],false,false positive
food,ciqual-siren,./logmap-melt-oaei-2021-web-latest.tar.gz,[],[],"[""owl:Class""]",https://ico.iate.inra.fr/meatylab/origin_databases/2/foods/16400,<,0.0,http://purl.obolibrary.org/obo/FOODON_00001772,[],[],"[""owl:Class""]",true,false negative
food,ciqual-siren,./logmap-melt-oaei-2021-web-latest.tar.gz,[],[],"[""owl:Class""]",https://ico.iate.inra.fr/meatylab/origin_databases/2/foods/40058,<,0.0,http://purl.obolibrary.org/obo/FOODON_00001992,[],[],"[""owl:Class""]",true,false negative
food,ciqual-siren,./logmap-melt-oaei-2021-web-latest.tar.gz,[],[],"[""owl:Class""]",https://ico.iate.inra.fr/meatylab/origin_databases/2/foods/40102,<,0.0,http://purl.obolibrary.org/obo/FOODON_03309498,[],[],"[""owl:Class""]",true,false negative
food,ciqual-siren,./logmap-melt-oaei-2021-web-latest.tar.gz,[],[],"[""owl:Class""]",https://ico.iate.inra.fr/meatylab/origin_databases/2/foods/6904,<,0.0,http://purl.obolibrary.org/obo/FOODON_00001952,[],[],"[""owl:Class""]",true,false negative
food,ciqual-siren,./logmap-melt-oaei-2021-web-latest.tar.gz,[],[],"[""owl:Class""]",https://ico.iate.inra.fr/meatylab/origin_databases/2/foods/36304,<,0.0,http://purl.obolibrary.org/obo/FOODON_00001286,[],[],"[""owl:Class""]",true,false negative
food,ciqual-siren,./logmap-melt-oaei-2021-web-latest.tar.gz,[],[],"[""owl:Class""]",https://ico.iate.inra.fr/meatylab/origin_databases/2/foods/28100,<,0.0,http://purl.obolibrary.org/obo/FOODON_00002303,[],[],"[""owl:Class""]",true,false negative
food,ciqual-siren,./logmap-melt-oaei-2021-web-latest.tar.gz,[],[],"[""owl:Class""]",https://ico.iate.inra.fr/meatylab/origin_databases/2/foods/26172,=,0.7,http://purl.obolibrary.org/obo/FOODON_03413350,[],[],"[""owl:Class""]",false,false positive
food,ciqual-siren,./logmap-melt-oaei-2021-web-latest.tar.gz,[],[],"[""owl:Class""]",https://ico.iate.inra.fr/meatylab/origin_databases/2/foods/25479,<,0.0,http://purl.obolibrary.org/obo/FOODON_00002347,[],[],"[""owl:Class""]",true,false negative
food,ciqual-siren,./logmap-melt-oaei-2021-web-latest.tar.gz,[],[],"[""owl:Class""]",https://ico.iate.inra.fr/meatylab/origin_databases/2/foods/26006,<,0.0,http://purl.obolibrary.org/obo/FOODON_00002218,[],[],"[""owl:Class""]",true,false negative
food,ciqual-siren,./logmap-melt-oaei-2021-web-latest.tar.gz,[],[],"[""owl:Class""]",https://ico.iate.inra.fr/meatylab/origin_databases/2/foods/31008,=,0.7,http://purl.obolibrary.org/obo/UBERON_0036016,[],[],"[""owl:Class""]",false,false positive
food,ciqual-siren,./logmap-melt-oaei-2021-web-latest.tar.gz,[],[],"[""owl:Class""]",https://ico.iate.inra.fr/meatylab/origin_databases/2/foods/10007,<,0.0,http://purl.obolibrary.org/obo/FOODON_03301673,[],[],"[""owl:Class""]",true,false negative
food,ciqual-siren,./logmap-melt-oaei-2021-web-latest.tar.gz,[],[],"[""owl:Class""]",https://ico.iate.inra.fr/meatylab/origin_databases/2/foods/6160,<,0.0,http://purl.obolibrary.org/obo/FOODON_00001041,[],[],"[""owl:Class""]",true,false negative
food,ciqual-siren,./logmap-melt-oaei-2021-web-latest.tar.gz,[],[],"[""owl:Class""]",https://ico.iate.inra.fr/meatylab/origin_databases/2/foods/11052,=,0.7,http://purl.obolibrary.org/obo/FOODON_03411255,[],[],"[""owl:Class""]",false,false positive
food,ciqual-siren,./logmap-melt-oaei-2021-web-latest.tar.gz,[],[],"[""owl:Class""]",https://ico.iate.inra.fr/meatylab/origin_databases/2/foods/19060,<,0.0,http://purl.obolibrary.org/obo/FOODON_03302116,[],[],"[""owl:Class""]",true,false negative
food,ciqual-siren,./logmap-melt-oaei-2021-web-latest.tar.gz,[],[],"[""owl:Class""]",https://ico.iate.inra.fr/meatylab/origin_databases/2/foods/20506,<,0.0,http://purl.obolibrary.org/obo/FOODON_00001194,[],[],"[""owl:Class""]",true,false negative
food,ciqual-siren,./logmap-melt-oaei-2021-web-latest.tar.gz,[],[],"[""owl:Class""]",https://ico.iate.inra.fr/meatylab/origin_databases/2/foods/21502,<,0.0,http://purl.obolibrary.org/obo/FOODON_00001992,[],[],"[""owl:Class""]",true,false negative
food,ciqual-siren,./logmap-melt-oaei-2021-web-latest.tar.gz,[],[],"[""owl:Class""]",https://ico.iate.inra.fr/meatylab/origin_databases/2/foods/6903,<,0.0,http://purl.obolibrary.org/obo/FOODON_00001952,[],[],"[""owl:Class""]",true,false negative
food,ciqual-siren,./logmap-melt-oaei-2021-web-latest.tar.gz,[],[],"[""owl:Class""]",https://ico.iate.inra.fr/meatylab/origin_databases/2/foods/19023,<,0.0,http://purl.obolibrary.org/obo/FOODON_00001771,[],[],"[""owl:Class""]",true,false negative
food,ciqual-siren,./logmap-melt-oaei-2021-web-latest.tar.gz,[],[],"[""owl:Class""]",https://ico.iate.inra.fr/meatylab/origin_databases/2/foods/6271,<,0.0,http://purl.obolibrary.org/obo/FOODON_00001041,[],[],"[""owl:Class""]",true,false negative
food,ciqual-siren,./logmap-melt-oaei-2021-web-latest.tar.gz,[],[],"[""owl:Class""]",https://ico.iate.inra.fr/meatylab/origin_databases/2/foods/10059,<,0.0,http://purl.obolibrary.org/obo/FOODON_03301088,[],[],"[""owl:Class""]",true,false negative
food,ciqual-siren,./logmap-melt-oaei-2021-web-latest.tar.gz,[],[],"[""owl:Class""]",https://ico.iate.inra.fr/meatylab/origin_databases/2/foods/20914,<,0.0,http://purl.obolibrary.org/obo/FOODON_00002260,[],[],"[""owl:Class""]",true,false negative
food,ciqual-siren,./logmap-melt-oaei-2021-web-latest.tar.gz,[],[],"[""owl:Class""]",https://ico.iate.inra.fr/meatylab/origin_databases/2/foods/21515,<,0.0,http://purl.obolibrary.org/obo/FOODON_00001992,[],[],"[""owl:Class""]",true,false negative
food,ciqual-siren,./logmap-melt-oaei-2021-web-latest.tar.gz,[],[],"[""owl:Class""]",https://ico.iate.inra.fr/meatylab/origin_databases/2/foods/11172,<,0.0,http://purl.obolibrary.org/obo/FOODON_00001668,[],[],"[""owl:Class""]",true,false negative
food,ciqual-siren,./logmap-melt-oaei-2021-web-latest.tar.gz,[],[],"[""owl:Class""]",https://ico.iate.inra.fr/meatylab/origin_databases/2/foods/28960,<,0.0,http://purl.obolibrary.org/obo/FOODON_00002303,[],[],"[""owl:Class""]",true,false negative
food,ciqual-siren,./logmap-melt-oaei-2021-web-latest.tar.gz,[],[],"[""owl:Class""]",https://ico.iate.inra.fr/meatylab/origin_databases/2/foods/11018,<,0.0,http://purl.obolibrary.org/obo/FOODON_00001073,[],[],"[""owl:Class""]",true,false negative
food,ciqual-siren,./logmap-melt-oaei-2021-web-latest.tar.gz,[],[],"[""owl:Class""]",https://ico.iate.inra.fr/meatylab/origin_databases/2/foods/20531,<,0.0,http://purl.obolibrary.org/obo/FOODON_00002046,[],[],"[""owl:Class""]",true,false negative
food,ciqual-siren,./logmap-melt-oaei-2021-web-latest.tar.gz,[],[],"[""owl:Class""]",https://ico.iate.inra.fr/meatylab/origin_databases/2/foods/8551,<,0.0,http://purl.obolibrary.org/obo/FOODON_00002303,[],[],"[""owl:Class""]",true,false negative
food,ciqual-siren,./logmap-melt-oaei-2021-web-latest.tar.gz,[],[],"[""owl:Class""]",https://ico.iate.inra.fr/meatylab/origin_databases/2/foods/30115,<,0.0,http://purl.obolibrary.org/obo/FOODON_00002303,[],[],"[""owl:Class""]",true,false negative
food,ciqual-siren,./logmap-melt-oaei-2021-web-latest.tar.gz,[],[],"[""owl:Class""]",https://ico.iate.inra.fr/meatylab/origin_databases/2/foods/36203,<,0.0,http://purl.obolibrary.org/obo/FOODON_00001284,[],[],"[""owl:Class""]",true,false negative
food,ciqual-siren,./logmap-melt-oaei-2021-web-latest.tar.gz,[],[],"[""owl:Class""]",https://ico.iate.inra.fr/meatylab/origin_databases/2/foods/15008,=,0.7,http://purl.obolibrary.org/obo/FOODON_03411463,[],[],"[""owl:Class""]",false,false positive
food,ciqual-siren,./logmap-melt-oaei-2021-web-latest.tar.gz,[],[],"[""owl:Class""]",https://ico.iate.inra.fr/meatylab/origin_databases/2/foods/40110,<,0.0,http://purl.obolibrary.org/obo/FOODON_00002183,[],[],"[""owl:Class""]",true,false negative
food,ciqual-siren,./logmap-melt-oaei-2021-web-latest.tar.gz,[],[],"[""owl:Class""]",https://ico.iate.inra.fr/meatylab/origin_databases/2/foods/6161,<,0.0,http://purl.obolibrary.org/obo/FOODON_00001041,[],[],"[""owl:Class""]",true,false negative
food,ciqual-siren,./logmap-melt-oaei-2021-web-latest.tar.gz,[],[],"[""owl:Class""]",https://ico.iate.inra.fr/meatylab/origin_databases/2/foods/9081,<,0.0,http://purl.obolibrary.org/obo/FOODON_00001825,[],[],"[""owl:Class""]",true,false negative
food,ciqual-siren,./logmap-melt-oaei-2021-web-latest.tar.gz,[],[],"[""owl:Class""]",https://ico.iate.inra.fr/meatylab/origin_databases/2/foods/31017,<,0.0,http://purl.obolibrary.org/obo/FOODON_03301073,[],[],"[""owl:Class""]",true,false negative
food,ciqual-siren,./logmap-melt-oaei-2021-web-latest.tar.gz,[],[],"[""owl:Class""]",https://ico.iate.inra.fr/meatylab/origin_databases/2/foods/6110,<,0.0,http://purl.obolibrary.org/obo/FOODON_00001041,[],[],"[""owl:Class""]",true,false negative
food,ciqual-siren,./logmap-melt-oaei-2021-web-latest.tar.gz,[],[],"[""owl:Class""]",https://ico.iate.inra.fr/meatylab/origin_databases/2/foods/6204,<,0.0,http://purl.obolibrary.org/obo/FOODON_00001041,[],[],"[""owl:Class""]",true,false negative
food,ciqual-siren,./logmap-melt-oaei-2021-web-latest.tar.gz,[],[],"[""owl:Class""]",https://ico.iate.inra.fr/meatylab/origin_databases/2/foods/6560,<,0.0,http://purl.obolibrary.org/obo/FOODON_00001678,[],[],"[""owl:Class""]",true,false negative
food,ciqual-siren,./logmap-melt-oaei-2021-web-latest.tar.gz,[],[],"[""owl:Class""]",https://ico.iate.inra.fr/meatylab/origin_databases/2/foods/8305,<,0.0,http://purl.obolibrary.org/obo/FOODON_00002165,[],[],"[""owl:Class""]",true,false negative
food,ciqual-siren,./logmap-melt-oaei-2021-web-latest.tar.gz,[],[],"[""owl:Class""]",https://ico.iate.inra.fr/meatylab/origin_databases/2/foods/25001,<,0.0,http://purl.obolibrary.org/obo/FOODON_00001598,[],[],"[""owl:Class""]",true,false negative
food,ciqual-siren,./logmap-melt-oaei-2021-web-latest.tar.gz,[],[],"[""owl:Class""]",https://ico.iate.inra.fr/meatylab/origin_databases/2/foods/40056,<,0.0,http://purl.obolibrary.org/obo/FOODON_00001040,[],[],"[""owl:Class""]",true,false negative
