Track,Track Version,Test Case,Matcher,Type,Precision (P),Recall (R),Residual Recall (R+),F1,"# of TP","# of FP","# of FN","# of Correspondences",Time,Time (HH:MM:SS)
food,v2sub,ciqual-siren,./logmap-melt-oaei-2021-web-latest.tar.gz,ALL,0.0,0.0,0.0,0.0,0,15,178,15,17008175500,00:00:17
food,v2sub,ciqual-siren,./logmap-melt-oaei-2021-web-latest.tar.gz,CLASSES,0.0,0.0,0.0,0.0,0,14,178,14,-,-
food,v2sub,ciqual-siren,./logmap-melt-oaei-2021-web-latest.tar.gz,PROPERTIES,0.0,0.0,0.0,0.0,0,1,0,1,-,-
food,v2sub,ciqual-siren,./logmap-melt-oaei-2021-web-latest.tar.gz,INSTANCES,0.0,0.0,0.0,0.0,0,0,0,0,-,-
