Type,Macro Precision (P),Macro Recall (R),Residual Macro Recall (R+),Macro F1,Micro Precision (P),Micro Recall (R),Residual Micro Recall (R+),Micro F1,"# of TP","# of Residual TP","# of FP","# of FN","# of Correspondences",Total Runtime,Total Runtime (HH:MM:SS)
ALL,0.0,0.0,0.0,0.0,0.0,0.0,0.0,0.0,0,0,15,178,15,17008175500,00:00:17
CLASSES,0.0,0.0,0.0,0.0,0.0,0.0,0.0,0.0,0,0,14,178,14,-,-
PROPERTIES,0.0,0.0,0.0,0.0,0.0,0.0,0.0,0.0,0,0,1,0,1,-,-
INSTANCES,0.0,0.0,0.0,0.0,0.0,0.0,0.0,0.0,0,0,0,0,0,-,-
