Track,TestCase,Matcher,Label Left,Comment Left,Type Left,URI Left,Relation,Confidence (Matcher),URI Right,Label Right,Comment Right,Type Right,Residual True Positive,Evaluation Result
food,ciqual-siren,./logmap-lite-melt-oaei-2021-web-latest.tar.gz,[],[],"[""owl:Class""]",https://ico.iate.inra.fr/meatylab/origin_databases/2/foods/40600,=,0.0,http://purl.obolibrary.org/obo/FOODON_03315769,[],[],"[""owl:Class""]",true,false negative
food,ciqual-siren,./logmap-lite-melt-oaei-2021-web-latest.tar.gz,[],[],"[""owl:Class""]",https://ico.iate.inra.fr/meatylab/origin_databases/2/foods/31017,=,1.0,http://purl.obolibrary.org/obo/FOODON_03420156,[],[],"[""owl:Class""]",true,true positive
food,ciqual-siren,./logmap-lite-melt-oaei-2021-web-latest.tar.gz,[],[],"[""owl:Class""]",https://ico.iate.inra.fr/meatylab/origin_databases/2/foods/11048,=,1.0,http://purl.obolibrary.org/obo/FOODON_03411214,[],[],"[""owl:Class""]",false,false positive
food,ciqual-siren,./logmap-lite-melt-oaei-2021-web-latest.tar.gz,[],[],"[""owl:Class""]",https://ico.iate.inra.fr/meatylab/origin_databases/2/foods/20531,=,0.0,http://purl.obolibrary.org/obo/FOODON_03301275,[],[],"[""owl:Class""]",true,false negative
food,ciqual-siren,./logmap-lite-melt-oaei-2021-web-latest.tar.gz,[],[],"[""owl:Class""]",https://ico.iate.inra.fr/meatylab/origin_databases/2/foods/6271,=,0.0,http://purl.obolibrary.org/obo/FOODON_03311141,[],[],"[""owl:Class""]",true,false negative
food,ciqual-siren,./logmap-lite-melt-oaei-2021-web-latest.tar.gz,[],[],"[""owl:Class""]",https://ico.iate.inra.fr/meatylab/origin_databases/2/foods/9060,=,0.0,http://purl.obolibrary.org/obo/FOODON_03310298,[],[],"[""owl:Class""]",true,false negative
food,ciqual-siren,./logmap-lite-melt-oaei-2021-web-latest.tar.gz,[],[],"[""owl:Class""]",https://ico.iate.inra.fr/meatylab/origin_databases/2/foods/6002,=,0.0,http://purl.obolibrary.org/obo/FOODON_03309737,[],[],"[""owl:Class""]",true,false negative
food,ciqual-siren,./logmap-lite-melt-oaei-2021-web-latest.tar.gz,[],[],"[""owl:Class""]",https://ico.iate.inra.fr/meatylab/origin_databases/2/foods/40108,=,0.0,http://purl.obolibrary.org/obo/FOODON_03301179,[],[],"[""owl:Class""]",true,false negative
food,ciqual-siren,./logmap-lite-melt-oaei-2021-web-latest.tar.gz,[],[],"[""owl:Class""]",https://ico.iate.inra.fr/meatylab/origin_databases/2/foods/10007,=,0.0,http://purl.obolibrary.org/obo/FOODON_03301481,[],[],"[""owl:Class""]",true,false negative
food,ciqual-siren,./logmap-lite-melt-oaei-2021-web-latest.tar.gz,[],[],"[""owl:Class""]",https://ico.iate.inra.fr/meatylab/origin_databases/2/foods/36301,=,0.0,http://purl.obolibrary.org/obo/FOODON_03309735,[],[],"[""owl:Class""]",true,false negative
food,ciqual-siren,./logmap-lite-melt-oaei-2021-web-latest.tar.gz,[],[],"[""owl:Class""]",https://ico.iate.inra.fr/meatylab/origin_databases/2/foods/13042,=,1.0,http://purl.obolibrary.org/obo/FOODON_03411207,[],[],"[""owl:Class""]",false,false positive
food,ciqual-siren,./logmap-lite-melt-oaei-2021-web-latest.tar.gz,[],[],"[""owl:Class""]",https://ico.iate.inra.fr/meatylab/origin_databases/2/foods/19041,=,0.0,http://purl.obolibrary.org/obo/FOODON_03317580,[],[],"[""owl:Class""]",true,false negative
food,ciqual-siren,./logmap-lite-melt-oaei-2021-web-latest.tar.gz,[],[],"[""owl:Class""]",https://ico.iate.inra.fr/meatylab/origin_databases/2/foods/28002,=,0.0,http://purl.obolibrary.org/obo/FOODON_03302735,[],[],"[""owl:Class""]",true,false negative
food,ciqual-siren,./logmap-lite-melt-oaei-2021-web-latest.tar.gz,[],[],"[""owl:Class""]",https://ico.iate.inra.fr/meatylab/origin_databases/2/foods/28201,=,0.0,http://purl.obolibrary.org/obo/FOODON_03309967,[],[],"[""owl:Class""]",true,false negative
food,ciqual-siren,./logmap-lite-melt-oaei-2021-web-latest.tar.gz,[],[],"[""owl:Class""]",https://ico.iate.inra.fr/meatylab/origin_databases/2/foods/2013,=,0.0,http://purl.obolibrary.org/obo/FOODON_00001001,[],[],"[""owl:Class""]",true,false negative
food,ciqual-siren,./logmap-lite-melt-oaei-2021-web-latest.tar.gz,[],[],"[""owl:Class""]",https://ico.iate.inra.fr/meatylab/origin_databases/2/foods/15001,=,1.0,http://purl.obolibrary.org/obo/FOODON_03411337,[],[],"[""owl:Class""]",false,false positive
food,ciqual-siren,./logmap-lite-melt-oaei-2021-web-latest.tar.gz,[],[],"[""owl:Class""]",https://ico.iate.inra.fr/meatylab/origin_databases/2/foods/40111,=,0.0,http://purl.obolibrary.org/obo/FOODON_03301179,[],[],"[""owl:Class""]",true,false negative
food,ciqual-siren,./logmap-lite-melt-oaei-2021-web-latest.tar.gz,[],[],"[""owl:Class""]",https://ico.iate.inra.fr/meatylab/origin_databases/2/foods/6001,=,0.0,http://purl.obolibrary.org/obo/FOODON_03311315,[],[],"[""owl:Class""]",true,false negative
food,ciqual-siren,./logmap-lite-melt-oaei-2021-web-latest.tar.gz,[],[],"[""owl:Class""]",https://ico.iate.inra.fr/meatylab/origin_databases/2/foods/9330,=,1.0,http://purl.obolibrary.org/obo/FOODON_03412505,[],[],"[""owl:Class""]",false,false positive
food,ciqual-siren,./logmap-lite-melt-oaei-2021-web-latest.tar.gz,[],[],"[""owl:Class""]",https://ico.iate.inra.fr/meatylab/origin_databases/2/foods/40106,=,0.0,http://purl.obolibrary.org/obo/FOODON_03311404,[],[],"[""owl:Class""]",true,false negative
food,ciqual-siren,./logmap-lite-melt-oaei-2021-web-latest.tar.gz,[],[],"[""owl:Class""]",https://ico.iate.inra.fr/meatylab/origin_databases/2/foods/30125,=,0.0,http://purl.obolibrary.org/obo/FOODON_03317282,[],[],"[""owl:Class""]",true,false negative
food,ciqual-siren,./logmap-lite-melt-oaei-2021-web-latest.tar.gz,[],[],"[""owl:Class""]",https://ico.iate.inra.fr/meatylab/origin_databases/2/foods/40054,=,0.0,http://purl.obolibrary.org/obo/FOODON_03303027,[],[],"[""owl:Class""]",true,false negative
food,ciqual-siren,./logmap-lite-melt-oaei-2021-web-latest.tar.gz,[],[],"[""owl:Class""]",https://ico.iate.inra.fr/meatylab/origin_databases/2/foods/34002,=,0.0,http://purl.obolibrary.org/obo/FOODON_03306473,[],[],"[""owl:Class""]",true,false negative
food,ciqual-siren,./logmap-lite-melt-oaei-2021-web-latest.tar.gz,[],[],"[""owl:Class""]",https://ico.iate.inra.fr/meatylab/origin_databases/2/foods/6102,=,0.0,http://purl.obolibrary.org/obo/FOODON_03310591,[],[],"[""owl:Class""]",true,false negative
food,ciqual-siren,./logmap-lite-melt-oaei-2021-web-latest.tar.gz,[],[],"[""owl:Class""]",https://ico.iate.inra.fr/meatylab/origin_databases/2/foods/40120,=,0.0,http://purl.obolibrary.org/obo/FOODON_03305307,[],[],"[""owl:Class""]",true,false negative
food,ciqual-siren,./logmap-lite-melt-oaei-2021-web-latest.tar.gz,[],[],"[""owl:Class""]",https://ico.iate.inra.fr/meatylab/origin_databases/2/foods/17640,=,1.0,http://purl.obolibrary.org/obo/FOODON_03411966,[],[],"[""owl:Class""]",false,false positive
food,ciqual-siren,./logmap-lite-melt-oaei-2021-web-latest.tar.gz,[],[],"[""owl:Class""]",https://ico.iate.inra.fr/meatylab/origin_databases/2/foods/28300,=,0.0,http://purl.obolibrary.org/obo/FOODON_03302735,[],[],"[""owl:Class""]",true,false negative
food,ciqual-siren,./logmap-lite-melt-oaei-2021-web-latest.tar.gz,[],[],"[""owl:Class""]",https://ico.iate.inra.fr/meatylab/origin_databases/2/foods/20047,=,0.0,http://purl.obolibrary.org/obo/FOODON_03301453,[],[],"[""owl:Class""]",true,false negative
food,ciqual-siren,./logmap-lite-melt-oaei-2021-web-latest.tar.gz,[],[],"[""owl:Class""]",https://ico.iate.inra.fr/meatylab/origin_databases/2/foods/31077,=,1.0,http://purl.obolibrary.org/obo/CHEBI_28757,[],[],"[""owl:Class""]",false,false positive
food,ciqual-siren,./logmap-lite-melt-oaei-2021-web-latest.tar.gz,[],[],"[""owl:Class""]",https://ico.iate.inra.fr/meatylab/origin_databases/2/foods/36050,=,0.0,http://purl.obolibrary.org/obo/FOODON_03309532,[],[],"[""owl:Class""]",true,false negative
food,ciqual-siren,./logmap-lite-melt-oaei-2021-web-latest.tar.gz,[],[],"[""owl:Class""]",https://ico.iate.inra.fr/meatylab/origin_databases/2/foods/26172,=,1.0,http://purl.obolibrary.org/obo/FOODON_03413350,[],[],"[""owl:Class""]",false,false positive
food,ciqual-siren,./logmap-lite-melt-oaei-2021-web-latest.tar.gz,[],[],"[""owl:Class""]",https://ico.iate.inra.fr/meatylab/origin_databases/2/foods/31008,=,1.0,http://purl.obolibrary.org/obo/UBERON_0036016,[],[],"[""owl:Class""]",false,false positive
food,ciqual-siren,./logmap-lite-melt-oaei-2021-web-latest.tar.gz,[],[],"[""owl:Class""]",https://ico.iate.inra.fr/meatylab/origin_databases/2/foods/6901,=,0.0,http://purl.obolibrary.org/obo/FOODON_03306058,[],[],"[""owl:Class""]",true,false negative
food,ciqual-siren,./logmap-lite-melt-oaei-2021-web-latest.tar.gz,[],[],"[""owl:Class""]",https://ico.iate.inra.fr/meatylab/origin_databases/2/foods/11039,=,1.0,http://purl.obolibrary.org/obo/FOODON_03411459,[],[],"[""owl:Class""]",false,false positive
food,ciqual-siren,./logmap-lite-melt-oaei-2021-web-latest.tar.gz,[],[],"[""owl:Class""]",https://ico.iate.inra.fr/meatylab/origin_databases/2/foods/10038,=,0.0,http://purl.obolibrary.org/obo/FOODON_03317218,[],[],"[""owl:Class""]",true,false negative
food,ciqual-siren,./logmap-lite-melt-oaei-2021-web-latest.tar.gz,[],[],"[""owl:Class""]",https://ico.iate.inra.fr/meatylab/origin_databases/2/foods/2012,=,0.0,http://purl.obolibrary.org/obo/FOODON_03305984,[],[],"[""owl:Class""]",true,false negative
food,ciqual-siren,./logmap-lite-melt-oaei-2021-web-latest.tar.gz,[],[],"[""owl:Class""]",https://ico.iate.inra.fr/meatylab/origin_databases/2/foods/26006,=,0.0,http://purl.obolibrary.org/obo/FOODON_03309141,[],[],"[""owl:Class""]",true,false negative
food,ciqual-siren,./logmap-lite-melt-oaei-2021-web-latest.tar.gz,[],[],"[""owl:Class""]",https://ico.iate.inra.fr/meatylab/origin_databases/2/foods/34001,=,0.0,http://purl.obolibrary.org/obo/FOODON_03306485,[],[],"[""owl:Class""]",true,false negative
food,ciqual-siren,./logmap-lite-melt-oaei-2021-web-latest.tar.gz,[],[],"[""owl:Class""]",https://ico.iate.inra.fr/meatylab/origin_databases/2/foods/6270,=,0.0,http://purl.obolibrary.org/obo/FOODON_03310939,[],[],"[""owl:Class""]",true,false negative
food,ciqual-siren,./logmap-lite-melt-oaei-2021-web-latest.tar.gz,[],[],"[""owl:Class""]",https://ico.iate.inra.fr/meatylab/origin_databases/2/foods/20072,=,0.0,http://purl.obolibrary.org/obo/FOODON_03301300,[],[],"[""owl:Class""]",true,false negative
food,ciqual-siren,./logmap-lite-melt-oaei-2021-web-latest.tar.gz,[],[],"[""owl:Class""]",https://ico.iate.inra.fr/meatylab/origin_databases/2/foods/20009,=,0.0,http://purl.obolibrary.org/obo/FOODON_03301570,[],[],"[""owl:Class""]",true,false negative
food,ciqual-siren,./logmap-lite-melt-oaei-2021-web-latest.tar.gz,[],[],"[""owl:Class""]",https://ico.iate.inra.fr/meatylab/origin_databases/2/foods/11013,=,1.0,http://purl.obolibrary.org/obo/FOODON_03412069,[],[],"[""owl:Class""]",false,false positive
food,ciqual-siren,./logmap-lite-melt-oaei-2021-web-latest.tar.gz,[],[],"[""owl:Class""]",https://ico.iate.inra.fr/meatylab/origin_databases/2/foods/11018,=,0.0,http://purl.obolibrary.org/obo/FOODON_03301705,[],[],"[""owl:Class""]",true,false negative
food,ciqual-siren,./logmap-lite-melt-oaei-2021-web-latest.tar.gz,[],[],"[""owl:Class""]",https://ico.iate.inra.fr/meatylab/origin_databases/2/foods/31016,=,1.0,http://purl.obolibrary.org/obo/FOODON_03420157,[],[],"[""owl:Class""]",true,true positive
food,ciqual-siren,./logmap-lite-melt-oaei-2021-web-latest.tar.gz,[],[],"[""owl:Class""]",https://ico.iate.inra.fr/meatylab/origin_databases/2/foods/18005,=,0.0,http://purl.obolibrary.org/obo/FOODON_03301035,[],[],"[""owl:Class""]",true,false negative
food,ciqual-siren,./logmap-lite-melt-oaei-2021-web-latest.tar.gz,[],[],"[""owl:Class""]",https://ico.iate.inra.fr/meatylab/origin_databases/2/foods/26030,=,0.0,http://purl.obolibrary.org/obo/FOODON_03316280,[],[],"[""owl:Class""]",true,false negative
food,ciqual-siren,./logmap-lite-melt-oaei-2021-web-latest.tar.gz,[],[],"[""owl:Class""]",https://ico.iate.inra.fr/meatylab/origin_databases/2/foods/15008,=,1.0,http://purl.obolibrary.org/obo/FOODON_03411463,[],[],"[""owl:Class""]",false,false positive
food,ciqual-siren,./logmap-lite-melt-oaei-2021-web-latest.tar.gz,[],[],"[""owl:Class""]",https://ico.iate.inra.fr/meatylab/origin_databases/2/foods/6110,=,0.0,http://purl.obolibrary.org/obo/FOODON_03311468,[],[],"[""owl:Class""]",true,false negative
food,ciqual-siren,./logmap-lite-melt-oaei-2021-web-latest.tar.gz,[],[],"[""owl:Class""]",https://ico.iate.inra.fr/meatylab/origin_databases/2/foods/10059,=,0.0,http://purl.obolibrary.org/obo/FOODON_03301837,[],[],"[""owl:Class""]",true,false negative
food,ciqual-siren,./logmap-lite-melt-oaei-2021-web-latest.tar.gz,[],[],"[""owl:Class""]",https://ico.iate.inra.fr/meatylab/origin_databases/2/foods/18026,=,0.0,http://purl.obolibrary.org/obo/FOODON_03303889,[],[],"[""owl:Class""]",true,false negative
food,ciqual-siren,./logmap-lite-melt-oaei-2021-web-latest.tar.gz,[],[],"[""owl:Class""]",https://ico.iate.inra.fr/meatylab/origin_databases/2/foods/36304,=,0.0,http://purl.obolibrary.org/obo/FOODON_03306544,[],[],"[""owl:Class""]",true,false negative
food,ciqual-siren,./logmap-lite-melt-oaei-2021-web-latest.tar.gz,[],[],"[""owl:Class""]",https://ico.iate.inra.fr/meatylab/origin_databases/2/foods/2375,=,0.0,http://purl.obolibrary.org/obo/FOODON_03306016,[],[],"[""owl:Class""]",true,false negative
food,ciqual-siren,./logmap-lite-melt-oaei-2021-web-latest.tar.gz,[],[],"[""owl:Class""]",https://ico.iate.inra.fr/meatylab/origin_databases/2/foods/36310,=,0.0,http://purl.obolibrary.org/obo/FOODON_03309735,[],[],"[""owl:Class""]",true,false negative
food,ciqual-siren,./logmap-lite-melt-oaei-2021-web-latest.tar.gz,[],[],"[""owl:Class""]",https://ico.iate.inra.fr/meatylab/origin_databases/2/foods/26043,=,0.0,http://purl.obolibrary.org/obo/FOODON_03307321,[],[],"[""owl:Class""]",true,false negative
food,ciqual-siren,./logmap-lite-melt-oaei-2021-web-latest.tar.gz,[],[],"[""owl:Class""]",https://ico.iate.inra.fr/meatylab/origin_databases/2/foods/18018,=,0.0,http://purl.obolibrary.org/obo/FOODON_03301776,[],[],"[""owl:Class""]",true,false negative
food,ciqual-siren,./logmap-lite-melt-oaei-2021-web-latest.tar.gz,[],[],"[""owl:Class""]",https://ico.iate.inra.fr/meatylab/origin_databases/2/foods/6903,=,0.0,http://purl.obolibrary.org/obo/FOODON_03306058,[],[],"[""owl:Class""]",true,false negative
food,ciqual-siren,./logmap-lite-melt-oaei-2021-web-latest.tar.gz,[],[],"[""owl:Class""]",https://ico.iate.inra.fr/meatylab/origin_databases/2/foods/25033,=,0.0,http://purl.obolibrary.org/obo/FOODON_03304779,[],[],"[""owl:Class""]",true,false negative
food,ciqual-siren,./logmap-lite-melt-oaei-2021-web-latest.tar.gz,[],[],"[""owl:Class""]",https://ico.iate.inra.fr/meatylab/origin_databases/2/foods/34003,=,0.0,http://purl.obolibrary.org/obo/FOODON_03304523,[],[],"[""owl:Class""]",true,false negative
food,ciqual-siren,./logmap-lite-melt-oaei-2021-web-latest.tar.gz,[],[],"[""owl:Class""]",https://ico.iate.inra.fr/meatylab/origin_databases/2/foods/40119,=,0.0,http://purl.obolibrary.org/obo/FOODON_03301178,[],[],"[""owl:Class""]",true,false negative
food,ciqual-siren,./logmap-lite-melt-oaei-2021-web-latest.tar.gz,[],[],"[""owl:Class""]",https://ico.iate.inra.fr/meatylab/origin_databases/2/foods/21500,=,0.0,http://purl.obolibrary.org/obo/FOODON_03311091,[],[],"[""owl:Class""]",true,false negative
food,ciqual-siren,./logmap-lite-melt-oaei-2021-web-latest.tar.gz,[],[],"[""owl:Class""]",https://ico.iate.inra.fr/meatylab/origin_databases/2/foods/26011,=,0.0,http://purl.obolibrary.org/obo/FOODON_03308102,[],[],"[""owl:Class""]",true,false negative
food,ciqual-siren,./logmap-lite-melt-oaei-2021-web-latest.tar.gz,[],[],"[""owl:Class""]",https://ico.iate.inra.fr/meatylab/origin_databases/2/foods/40115,=,0.0,http://purl.obolibrary.org/obo/FOODON_03310837,[],[],"[""owl:Class""]",true,false negative
food,ciqual-siren,./logmap-lite-melt-oaei-2021-web-latest.tar.gz,[],[],"[""owl:Class""]",https://ico.iate.inra.fr/meatylab/origin_databases/2/foods/40110,=,0.0,http://purl.obolibrary.org/obo/FOODON_03304516,[],[],"[""owl:Class""]",true,false negative
food,ciqual-siren,./logmap-lite-melt-oaei-2021-web-latest.tar.gz,[],[],"[""owl:Class""]",https://ico.iate.inra.fr/meatylab/origin_databases/2/foods/26008,=,0.0,http://purl.obolibrary.org/obo/FOODON_03311608,[],[],"[""owl:Class""]",true,false negative
food,ciqual-siren,./logmap-lite-melt-oaei-2021-web-latest.tar.gz,[],[],"[""owl:Class""]",https://ico.iate.inra.fr/meatylab/origin_databases/2/foods/11007,=,0.0,http://purl.obolibrary.org/obo/FOODON_03305347,[],[],"[""owl:Class""]",true,false negative
food,ciqual-siren,./logmap-lite-melt-oaei-2021-web-latest.tar.gz,[],[],"[""owl:Class""]",https://ico.iate.inra.fr/meatylab/origin_databases/2/foods/19050,=,0.0,http://purl.obolibrary.org/obo/FOODON_03317579,[],[],"[""owl:Class""]",true,false negative
food,ciqual-siren,./logmap-lite-melt-oaei-2021-web-latest.tar.gz,[],[],"[""owl:Class""]",https://ico.iate.inra.fr/meatylab/origin_databases/2/foods/36300,=,0.0,http://purl.obolibrary.org/obo/FOODON_03309735,[],[],"[""owl:Class""]",true,false negative
food,ciqual-siren,./logmap-lite-melt-oaei-2021-web-latest.tar.gz,[],[],"[""owl:Class""]",https://ico.iate.inra.fr/meatylab/origin_databases/2/foods/8703,=,0.0,http://purl.obolibrary.org/obo/FOODON_03316919,[],[],"[""owl:Class""]",true,false negative
food,ciqual-siren,./logmap-lite-melt-oaei-2021-web-latest.tar.gz,[],[],"[""owl:Class""]",https://ico.iate.inra.fr/meatylab/origin_databases/2/foods/20084,=,0.0,http://purl.obolibrary.org/obo/FOODON_03306808,[],[],"[""owl:Class""]",true,false negative
food,ciqual-siren,./logmap-lite-melt-oaei-2021-web-latest.tar.gz,[],[],"[""owl:Class""]",https://ico.iate.inra.fr/meatylab/origin_databases/2/foods/6900,=,0.0,http://purl.obolibrary.org/obo/FOODON_03306058,[],[],"[""owl:Class""]",true,false negative
food,ciqual-siren,./logmap-lite-melt-oaei-2021-web-latest.tar.gz,[],[],"[""owl:Class""]",https://ico.iate.inra.fr/meatylab/origin_databases/2/foods/16400,=,0.0,http://purl.obolibrary.org/obo/FOODON_03301777,[],[],"[""owl:Class""]",true,false negative
food,ciqual-siren,./logmap-lite-melt-oaei-2021-web-latest.tar.gz,[],[],"[""owl:Class""]",https://ico.iate.inra.fr/meatylab/origin_databases/2/foods/9010,=,0.0,http://purl.obolibrary.org/obo/FOODON_03301002,[],[],"[""owl:Class""]",true,false negative
food,ciqual-siren,./logmap-lite-melt-oaei-2021-web-latest.tar.gz,[],[],"[""owl:Class""]",https://ico.iate.inra.fr/meatylab/origin_databases/2/foods/30350,=,0.0,http://purl.obolibrary.org/obo/FOODON_03317265,[],[],"[""owl:Class""]",true,false negative
food,ciqual-siren,./logmap-lite-melt-oaei-2021-web-latest.tar.gz,[],[],"[""owl:Class""]",http://purl.obolibrary.org/obo/FOODON_03460364,=,1.0,http://purl.obolibrary.org/obo/FOODON_03460364,[],[],"[""owl:Class""]",false,false positive
food,ciqual-siren,./logmap-lite-melt-oaei-2021-web-latest.tar.gz,[],[],"[""owl:Class""]",https://ico.iate.inra.fr/meatylab/origin_databases/2/foods/28101,=,0.0,http://purl.obolibrary.org/obo/FOODON_03311467,[],[],"[""owl:Class""]",true,false negative
food,ciqual-siren,./logmap-lite-melt-oaei-2021-web-latest.tar.gz,[],[],"[""owl:Class""]",https://ico.iate.inra.fr/meatylab/origin_databases/2/foods/21513,=,0.0,http://purl.obolibrary.org/obo/FOODON_03311664,[],[],"[""owl:Class""]",true,false negative
food,ciqual-siren,./logmap-lite-melt-oaei-2021-web-latest.tar.gz,[],[],"[""owl:ObjectProperty""]",https://ico.iate.inra.fr/meatylab#has_facet,=,1.0,http://test.org/#has_facet,[],[],"[""owl:ObjectProperty""]",false,false positive
food,ciqual-siren,./logmap-lite-melt-oaei-2021-web-latest.tar.gz,[],[],"[""owl:Class""]",https://ico.iate.inra.fr/meatylab/origin_databases/2/foods/20914,=,0.0,http://purl.obolibrary.org/obo/FOODON_03306436,[],[],"[""owl:Class""]",true,false negative
food,ciqual-siren,./logmap-lite-melt-oaei-2021-web-latest.tar.gz,[],[],"[""owl:Class""]",https://ico.iate.inra.fr/meatylab/origin_databases/2/foods/6201,=,0.0,http://purl.obolibrary.org/obo/FOODON_03311663,[],[],"[""owl:Class""]",true,false negative
food,ciqual-siren,./logmap-lite-melt-oaei-2021-web-latest.tar.gz,[],[],"[""owl:Class""]",https://ico.iate.inra.fr/meatylab/origin_databases/2/foods/14005,=,0.0,http://purl.obolibrary.org/obo/FOODON_03306467,[],[],"[""owl:Class""]",true,false negative
food,ciqual-siren,./logmap-lite-melt-oaei-2021-web-latest.tar.gz,[],[],"[""owl:Class""]",https://ico.iate.inra.fr/meatylab/origin_databases/2/foods/28100,=,0.0,http://purl.obolibrary.org/obo/FOODON_03311076,[],[],"[""owl:Class""]",true,false negative
food,ciqual-siren,./logmap-lite-melt-oaei-2021-web-latest.tar.gz,[],[],"[""owl:Class""]",https://ico.iate.inra.fr/meatylab/origin_databases/2/foods/21518,=,0.0,http://purl.obolibrary.org/obo/FOODON_03311664,[],[],"[""owl:Class""]",true,false negative
food,ciqual-siren,./logmap-lite-melt-oaei-2021-web-latest.tar.gz,[],[],"[""owl:Class""]",https://ico.iate.inra.fr/meatylab/origin_databases/2/foods/40202,=,0.0,http://purl.obolibrary.org/obo/FOODON_03310938,[],[],"[""owl:Class""]",true,false negative
food,ciqual-siren,./logmap-lite-melt-oaei-2021-web-latest.tar.gz,[],[],"[""owl:Class""]",https://ico.iate.inra.fr/meatylab/origin_databases/2/foods/11174,=,0.0,http://purl.obolibrary.org/obo/FOODON_03302145,[],[],"[""owl:Class""]",true,false negative
food,ciqual-siren,./logmap-lite-melt-oaei-2021-web-latest.tar.gz,[],[],"[""owl:Class""]",https://ico.iate.inra.fr/meatylab/origin_databases/2/foods/16402,=,0.0,http://purl.obolibrary.org/obo/FOODON_03302643,[],[],"[""owl:Class""]",true,false negative
food,ciqual-siren,./logmap-lite-melt-oaei-2021-web-latest.tar.gz,[],[],"[""owl:Class""]",https://ico.iate.inra.fr/meatylab/origin_databases/2/foods/2371,=,0.0,http://purl.obolibrary.org/obo/FOODON_03301288,[],[],"[""owl:Class""]",true,false negative
