Track,Track Version,Matcher,Type,Macro Precision (P),Macro Recall (R),Residual Macro Recall (R+),Macro F1,Micro Precision (P),Micro Recall (R),Residual Micro Recall (R+),Micro F1,"# of TP","# of Residual TP","# of FP","# of FN","# of Correspondences",Total Runtime,Total Runtime (HH:MM:SS)
food,v2,./logmap-lite-melt-oaei-2021-web-latest.tar.gz,ALL,0.13333333333333333,0.0273972602739726,0.0273972602739726,0.045454545454545456,0.13333333333333333,0.0273972602739726,0.0273972602739726,0.045454545454545456,2,2,13,71,15,7756137100,00:00:07
food,v2,./logmap-lite-melt-oaei-2021-web-latest.tar.gz,CLASSES,0.14285714285714285,0.0273972602739726,0.0273972602739726,0.04597701149425287,0.14285714285714285,0.0273972602739726,0.0273972602739726,0.04597701149425287,2,2,12,71,14,-,-
food,v2,./logmap-lite-melt-oaei-2021-web-latest.tar.gz,PROPERTIES,0.0,0.0,0.0,0.0,0.0,0.0,0.0,0.0,0,0,1,0,1,-,-
food,v2,./logmap-lite-melt-oaei-2021-web-latest.tar.gz,INSTANCES,0.0,0.0,0.0,0.0,0.0,0.0,0.0,0.0,0,0,0,0,0,-,-
